-- phpMyAdmin SQL Dump
-- version 5.2.2
-- https://www.phpmyadmin.net/
--
-- Host: 127.0.0.1:3306
-- Generation Time: Oct 30, 2025 at 01:41 PM
-- Server version: 11.8.3-MariaDB-log
-- PHP Version: 7.2.34

SET SQL_MODE = "NO_AUTO_VALUE_ON_ZERO";
START TRANSACTION;
SET time_zone = "+00:00";


/*!40101 SET @OLD_CHARACTER_SET_CLIENT=@@CHARACTER_SET_CLIENT */;
/*!40101 SET @OLD_CHARACTER_SET_RESULTS=@@CHARACTER_SET_RESULTS */;
/*!40101 SET @OLD_COLLATION_CONNECTION=@@COLLATION_CONNECTION */;
/*!40101 SET NAMES utf8mb4 */;

--
-- Database: `ecommerce_db`
--

-- --------------------------------------------------------

--
-- Table structure for table `feedback`
--

CREATE TABLE `feedback` (
  `id` int(11) NOT NULL,
  `name` varchar(100) NOT NULL,
  `email` varchar(100) NOT NULL,
  `message` text NOT NULL,
  `submitted_at` datetime NOT NULL
) ENGINE=InnoDB DEFAULT CHARSET=utf8mb4 COLLATE=utf8mb4_general_ci;

--
-- Dumping data for table `feedback`
--

INSERT INTO `feedback` (`id`, `name`, `email`, `message`, `submitted_at`) VALUES
(1, 'Test1', 'mus@rfrf.com', 'good service', '2025-07-17 00:20:40'),
(2, 'e32', 'korangg5252005@gmail.com', 'nice service i like it', '2025-07-17 00:21:14'),
(18, 'GUEST1', 'mus@rfrf.com', 'TEST ERROR', '2025-08-28 15:52:17'),
(19, 'Mustafa', 'rihap86219@chaublog.com', 'TEST ERRORR 2', '2025-08-28 15:57:37'),
(20, '3434', 'mus@rfrf.com', 'GSGSG', '2025-09-04 16:55:06'),
(21, 'Lucy Johnson', 'lucyjohnson.web@gmail.com', 'Hello team, \"magnumcafe.shop\"\r\n\r\nI came across your website on the Internet and saw that it was not showing up in any of the search engines (Google, Yahoo, and Bing) for the majority of keywords associated with your company.\r\n\r\nI’m an SEO Expert and I helped over 250 businesses rank on the (1st Page on Google). My rates are very affordable.\r\n\r\nWe can place your website on Google\'s 1st page. We will improve your website’s position on Google and get more traffic.\r\n\r\nPlease provide your name, contact information, and email.\r\n\r\n\r\nThank you,\r\n\r\nLucy Johnson', '2025-10-29 10:29:05'),
(22, 'Beatriz Gaines', 'domains@indexsubmit.net', 'Hello,\r\n\r\nRegister magnumcafe.shop  to Google Search Index and have it displayed in Search Results!\r\n\r\nAdd magnumcafe.shop at https://searchregister.org', '2025-10-29 18:43:22'),
(23, 'To the http://magnumcafe.shop/fekal0911 Owner', 'pirduhina96@gmail.com', 'To the http://magnumcafe.shop/fekal0911 Webmaster', '2025-10-30 01:37:12'),
(24, 'Vida Pilcher', 'vida@jeev.net', 'Hey there,\r\n\r\nCongrats on launching magnumcafe.shop! \r\nStarting a new venture is exciting, but identifying the right partners, vendors, and growth strategies can be challenging.\r\n\r\nThat\'s why I\'m reaching out about a free AI-powered tool that can help you discover the right partners, vendors, and growth strategies for your company.\r\n\r\n**How it works:** You tell us about your business, your needs, and your goals. Our AI quickly generates tailored partnership ideas, vendor recommendations, and growth strategies that fit your business\'s unique needs.\r\n\r\n**Your free access provides:**\r\n- Intelligent partnership ideas specific to your business\r\n- Custom vendor recommendations\r\n- Proven growth strategies\r\n\r\nTo access this AI-powered tool, just visit: https://ln.run/ai-growth\r\n\r\nPlease let me know if you have any questions or need further assistance.\r\n\r\nRegards,\r\nVida', '2025-10-30 02:53:07');

-- --------------------------------------------------------

--
-- Table structure for table `orders`
--

CREATE TABLE `orders` (
  `id` int(11) NOT NULL,
  `username` varchar(100) DEFAULT NULL,
  `total` decimal(10,2) DEFAULT NULL,
  `payment_status` varchar(50) DEFAULT NULL,
  `fulfillment_status` varchar(50) DEFAULT 'Not Yet',
  `order_date` timestamp NOT NULL DEFAULT current_timestamp(),
  `total_amount` decimal(10,2) NOT NULL DEFAULT 0.00
) ENGINE=InnoDB DEFAULT CHARSET=utf8mb4 COLLATE=utf8mb4_general_ci;

--
-- Dumping data for table `orders`
--

INSERT INTO `orders` (`id`, `username`, `total`, `payment_status`, `fulfillment_status`, `order_date`, `total_amount`) VALUES
(3, 'e32', 22.00, 'Paid', 'Partly Fulfilled', '2025-07-16 17:19:27', 0.00),
(4, 'e32', 11.00, 'Paid', 'Fulfilled', '2025-07-17 05:02:38', 0.00),
(6, 'e32', 0.00, 'Paid', 'Not Yet', '2025-08-11 20:54:41', 0.00),
(7, 'mustafaa', 53.65, 'Paid', 'Not Yet', '2025-09-17 19:47:02', 0.00),
(8, 'mustafaa', 34.75, 'Paid', 'Fulfillled', '2025-09-17 19:48:32', 0.00),
(9, 'izudin', 38.85, 'Pending', 'Canceled', '2025-09-21 05:20:23', 0.00),
(11, 'izudin', 200.00, 'Paid', 'Not Yet', '2025-09-23 03:18:08', 0.00),
(12, 'izudin', 300.00, 'Paid', 'Not Yet', '2025-09-23 16:18:52', 0.00),
(16, 'izudin', 13.90, 'Paid', 'Not Yet', '2025-09-23 17:16:53', 0.00),
(17, 'izudin', 8.95, 'Paid', 'Not Yet', '2025-10-23 18:48:56', 0.00),
(18, 'izudin', 119.85, 'Paid', 'Not Yet', '2025-10-25 08:22:15', 0.00),
(19, 'izudin', 119.85, 'Paid', 'Not Yet', '2025-10-26 14:42:35', 0.00),
(24, 'izudin', 6.95, 'Paid', 'Not Yet', '2025-10-27 14:49:07', 0.00),
(25, 'izudin', 6.95, 'Paid', 'Not Yet', '2025-10-27 16:23:55', 0.00),
(26, 'izudin', 6.95, 'Paid', 'Not Yet', '2025-10-28 03:56:20', 0.00),
(27, 'izudin', 6.95, 'Paid', 'Not Yet', '2025-10-28 03:59:22', 0.00),
(28, 'izudin', 6.95, 'Paid', 'Fulfilled', '2025-10-28 05:09:49', 0.00);

-- --------------------------------------------------------

--
-- Table structure for table `phpmailer`
--

CREATE TABLE `phpmailer` (
  `id` int(11) NOT NULL,
  `gmailUser` varchar(255) NOT NULL,
  `gmailAppPassword` varchar(255) NOT NULL
) ENGINE=InnoDB DEFAULT CHARSET=utf8mb4 COLLATE=utf8mb4_general_ci;

--
-- Dumping data for table `phpmailer`
--

INSERT INTO `phpmailer` (`id`, `gmailUser`, `gmailAppPassword`) VALUES
(1, 'fakeizzu0@gmail.com', 'hdoqxyumgmnatajx');

-- --------------------------------------------------------

--
-- Table structure for table `products`
--

CREATE TABLE `products` (
  `id` int(11) NOT NULL,
  `name` varchar(100) NOT NULL,
  `description` text DEFAULT NULL,
  `price` decimal(10,2) NOT NULL,
  `image` varchar(255) NOT NULL,
  `category` enum('Indulgences','Chillers','Specialty') DEFAULT NULL,
  `stock` int(11) NOT NULL DEFAULT 0
) ENGINE=InnoDB DEFAULT CHARSET=utf8mb4 COLLATE=utf8mb4_general_ci;

--
-- Dumping data for table `products`
--

INSERT INTO `products` (`id`, `name`, `description`, `price`, `image`, `category`, `stock`) VALUES
(1, 'Oreo Crunch', 'Enjoy creamy vanilla ice cream swirled with crushed Oreo cookies, topped with chocolate fudge and crispy bits for a delightful crunch!', 0.10, 'oreo-crunch.jpg', 'Indulgences', 0),
(2, 'Nutty Chocolate', 'Delight in rich chocolate ice cream mixed with crunchy nuts and drizzled with silky chocolate sauce for a decadent treat!', 6.95, 'nutty-chocolate.jpg', 'Indulgences', 3),
(3, 'Choco Golden Bliss', 'Indulge in a luxurious blend of velvety chocolate ice cream, golden caramel swirls, and crunchy chocolate pieces for a blissful experience!', 8.95, 'choco-golden-bliss.jpg', 'Indulgences', 10),
(4, 'Vanilla Golden Bliss', 'Treat yourself to smooth vanilla ice cream with luscious caramel swirls and crunchy golden bits for a heavenly delight!', 8.95, 'vanilla-golden-bliss.jpg', 'Indulgences', 9),
(5, 'Choco Pearl Crunch', 'Experience creamy chocolate ice cream loaded with crunchy chocolate pearls and a drizzle of rich chocolate sauce for a delightful crunch!', 9.95, 'choco-pearl-crunch.jpg', 'Indulgences', 10),
(6, 'Rocky Mallow', 'Savor the combination of rich chocolate ice cream, fluffy marshmallows, and crunchy cookie pieces for a delightful and indulgent treat!', 8.95, 'rocky-mallow.jpg', 'Indulgences', 10),
(7, 'Sparkling Choco Vanilla', 'Enjoy a delightful swirl of creamy vanilla and rich chocolate ice cream, topped with sparkling sugar crystals for a fun and festive touch!', 9.95, 'sparkling-choco-vanilla.jpg', 'Indulgences', 10),
(8, 'Biscoff Mallow Crunch', 'Delight in a creamy blend of Biscoff-flavored ice cream, fluffy marshmallows, and crunchy cookie pieces for a sweet and satisfying experience!', 9.95, 'biscoff-mallow-crunch.jpg', 'Chillers', 10),
(9, 'Midnight Fruit & Mallow', 'Indulge in a luscious mix of dark fruit ice cream, fluffy marshmallows, and a hint of chocolate for a delightful nighttime treat!', 10.00, 'midnight-fruit-&-mallow.jpg', 'Indulgences', 10),
(16, 'Fruity Caramel Crunch', 'Enjoy a vibrant blend of fruity ice cream, swirls of rich caramel, and crunchy bits for a sweet and satisfying explosion of flavor!', 10.00, 'fruity-caramel-crunch.jpg', 'Indulgences', 10),
(17, 'Fruity Nut Crunch', 'Savor a delightful mix of fruity ice cream, crunchy nuts, and a hint of sweetness for a perfectly balanced and refreshing treat!', 10.00, 'fruity-nut-crunch.jpg', 'Indulgences', 10),
(18, 'Brownie Royale', 'Indulge in a decadent chocolate brownie ice cream, generously swirled with rich fudge and topped with chocolate chunks for a royal treat!', 23.50, 'brownie-royale.jpg', 'Chillers', 10),
(19, 'Pop & Nut', 'Enjoy a delightful combination of creamy ice cream with crunchy nuts and a pop of flavor from colorful candy pieces for a fun and tasty experience!', 23.50, 'pop-&-nut.jpg', 'Chillers', 10),
(20, 'Espresso Tiramisu', 'Experience the rich flavors of espresso-infused ice cream layered with creamy mascarpone and a hint of cocoa, capturing the essence of classic tiramisu in every bite!', 23.50, 'espresso-tiramisu.jpg', 'Chillers', 10),
(21, 'Berry Crepe Delight', 'Delight in a creamy berry ice cream, complemented by swirls of fruity sauce and bits of soft crepe for a sweet and indulgent treat!', 39.95, 'berry-crepe-delight.jpg', 'Specialty', 4),
(22, 'Magnum Cendol', 'Enjoy a unique twist on a classic dessert with rich chocolate ice cream infused with cendol flavors, topped with sweet palm sugar and a hint of coconut for a refreshing experience!', 19.95, 'magnum-cendol.jpg', 'Specialty', 10),
(23, 'Magnum Crowned Jewel', 'Indulge in a luxurious chocolate ice cream wrapped in a rich chocolate coating, adorned with a sparkling mix of gems and crunchy toppings for a truly regal treat!', 69.95, 'magnum-crowned-jewel.jpg', 'Specialty', 10),
(24, 'Triple Choco Cookie', 'Savor the ultimate chocolate experience with rich chocolate ice cream, loaded with chocolate chips and chunks, all nestled in a soft, chewy cookie base for a delightful dessert!', 33.00, 'triple-choco-cookie.jpg', 'Specialty', 10);

-- --------------------------------------------------------

--
-- Table structure for table `sales`
--

CREATE TABLE `sales` (
  `id` int(11) NOT NULL,
  `product_id` int(11) NOT NULL,
  `quantity` int(11) NOT NULL,
  `sale_date` timestamp NOT NULL DEFAULT current_timestamp()
) ENGINE=InnoDB DEFAULT CHARSET=utf8mb4 COLLATE=utf8mb4_uca1400_ai_ci;

--
-- Dumping data for table `sales`
--

INSERT INTO `sales` (`id`, `product_id`, `quantity`, `sale_date`) VALUES
(1, 1, 2, '2025-07-16 17:19:27'),
(2, 2, 1, '2025-07-17 05:02:38'),
(3, 1, 1, '2025-08-11 20:54:41'),
(4, 2, 3, '2025-09-17 19:47:02'),
(5, 3, 2, '2025-09-17 19:48:32'),
(6, 2, 1, '2025-09-21 05:20:23'),
(7, 1, 2, '2025-09-23 03:18:08'),
(8, 2, 1, '2025-09-23 16:18:52'),
(9, 3, 1, '2025-09-23 17:16:53'),
(10, 2, 1, '2025-10-23 18:48:56'),
(11, 1, 3, '2025-10-25 08:22:15'),
(12, 3, 2, '2025-10-26 14:42:35'),
(13, 1, 1, '2025-10-26 14:52:51'),
(14, 1, 1, '2025-10-27 04:56:23'),
(15, 2, 1, '2025-10-27 16:23:55'),
(16, 2, 1, '2025-10-28 03:56:20'),
(17, 2, 1, '2025-10-28 03:59:22'),
(18, 2, 1, '2025-10-28 05:09:49');

-- --------------------------------------------------------

--
-- Table structure for table `users`
--

CREATE TABLE `users` (
  `id` int(11) NOT NULL,
  `username` varchar(100) NOT NULL,
  `email` varchar(255) NOT NULL,
  `phone` varchar(20) DEFAULT NULL,
  `password` varchar(255) NOT NULL,
  `usertype` enum('user','admin','staff') DEFAULT 'user',
  `shift` enum('Morning','Afternoon','Night') DEFAULT NULL,
  `verified` tinyint(1) DEFAULT 0,
  `verify_token` varchar(255) DEFAULT NULL,
  `reset_token` varchar(255) DEFAULT NULL,
  `profile_picture` longblob DEFAULT NULL
) ENGINE=InnoDB DEFAULT CHARSET=utf8mb4 COLLATE=utf8mb4_general_ci;

--
-- Dumping data for table `users`
--

INSERT INTO `users` (`id`, `username`, `email`, `phone`, `password`, `usertype`, `shift`, `verified`, `verify_token`, `reset_token`, `profile_picture`) VALUES
(1, 'admin1', 'mustafa5252005@gmail.com', '999', '$2y$10$q14tk0CtwO8drCYERwRv4uXh8ztHiWB.Towk5zNTwaRNbOJ.01Scu', 'admin', NULL, 0, NULL, NULL, 0xffd8ffe000104a46494600010100000100010000ffdb0084000906071312121512121316161216171d1819171817171d1a1b1d1a1b1a1a181e1e18181d2820201d271e181f22312225292b2e2f2e181f3738332d37282d2e2b010a0a0a0e0d0e1b10101a2d2520262e2d302d2d2d2d2d2d302d2b2d322f302f2d2d2d2d2d2d2d2d2d2e2d2d2d2d2d2d2d2d2d2d2d2d2d2d2d2d2d2d2d2d2d2d2dffc000110800e100e103012200021101031101ffc4001b00010002030101000000000000000000000005060304070102ffc4004610000201030203050407050605030500000102030004111221050631132241516132427181142352627291a1073382a2b1245392b2c1f016436373b3c2d1f115348393a3ffc400190101000301010000000000000000000000000102030405ffc40029110002020104010304030101000000000000010211030412213141132251327181b161d1f0e191ffda000c03010002110311003f00ec94a52805294a014a54271fe3325bc90a244aeb2eb05da428032e92a80846ef302c4671fbb350dd2b612b26a470a0b31c2804927a003726abbcbdcd5f49944325bbc2ef119a325832b20651e8cae35ae548db2704e2a3f8cdc4f7ad1c1d918adb25a725d08900f6221a4ead04eed9032171d09af396789451c0d75364dcc92b406203beacacda2045f0ee8ed0b1c6412c485034d14f73e3a2ce34b92e94ad2e0fc496e2212aab2f799591b1a95918aba9c1232083b8241ea0d7ddc710446d1bb37885f77d58f41f0ea7c056854daa5464fc58a9eec2ee3cc3463fccc2b564e3931384b46cf9c92c6abf9a6b6fe5a8b44d13b4ae7bc4f9f0ea31452c5da0386ecbbc10f88d6c0eb23c820e9b915b3c179a2745c4c5a703196d011c03d4e95500fa0c0e9d6aae6913b5979a56bbdfc4b1f6ad2208f19d65801bfa9fe9504fced6e18f765ecc67eb4ae94cff00190c07de2a17d71bd5ad2228b2d2b42c38c4529d20957fb0e304fe1232ae3d549adfa9205294a014a57b40794a89e1dccb6b3ca6186612480127486d38520361f1a49048d81cd4b500a52940294a500a52940294a500a529402b0de5a24c8d1c8a191b620fe87d083b823704566af680a672abbb5ac6643aa4c69663d49425093eb90693f0146b94b90cea55f5b202343b88de256208c8608e46411901739c0c7d5b4d1c125c40c426895e5ef103b929336ac9f77533ae7ce36f2a344d73ed6a4b7fb1b8697f1f8ac7f73ab7bd819538a5b78469766bf0a9662f72b1368b7927d62618d447651abac7fc68c4c87cfbb93baccc30aa0d2a303fde4927727d4ee6be946361b01e15ed4d9142b49e23375da1fb23fe67c4fd8f4f7bc76d8eccd1ea18f0cefea3cbe7fd33592a093e21895005450aa3a05000fc857d9a5280d5bae1d0c9fbc891bcb2a323d41ea0fad435cf2847d619a784e738d7da29f4d336ac0f4522ac74a02a365677164ac26eca5b31bf743068f7f6b43123479e1bbbb9031d2d101214185ca7901bafc341dbf2c1f5acc454370dfecf23407f76378fd15ba0fe120afc029f1aa4a5b5df8252be09d8b8cb2ed34671fde47965fe24f6d7e5a80f122a56de75917523065f35208fcc543546717e0cb302cac629fdd9a3c8707d4a90597d09fc8ef5b2914da5beb592fa1691a0122195402f1861ad41e84a83900e7f5aa3da73acd688f1dfa97745216445dd9f04c68ea001f584612450149ca90ac08ad396096d459ca237967fa4992568877999e390ca373808cc42778e00d3f64525349a4146cfaed070e609e1604360757b59032eac6e72a324f89680f830ae948e08041c823208e841e86a8fc3f84c87b59ae70f7171fbd1d555464244bf7555b19f1249f1ad58ecf0cb6b6a6e1a4541a53e9774b1c483baa5c893babb6028058e9d86012318e4db271a7fc1771b576743a56b70bb668a18e3791a574455691bda72060b1f5277ad9ae93214a52805294a014a52805294a014269555e2b73f4d91a053fd9233a6623fe738eb167fbb5f7fed1eef40c0c36912959a21e3e2170b726206080916eeca3be7c64c9dca64774634ec1b724689caf00c6c3a57b59b765d0a529500f335ed47f0e93b492693dd0fd92fc231de3f1ed1981fc02a42805294a014a52805477198b657f15383f07c0ff369fc8d48d62ba8b5232f89071f1f0fd6ab38ee8b44c5d3b31d84fa977ea363fe95b350d6f2766fbf4ce0d4cd65a7c9ba34fb45f2469915c7b85accaafa753c4c1d47dad2c1b41f89504676d4aa6a46091595594e548041f43d2b25695b772468fdd6cbafa1cfd62fe6430fc4de55bd199b6ed819ad6e46b7d4b35e1eb72e0a1dbf7318d3174f03de71e920f8568f199fb6d5690b812b2f7d86fd92918cb608c31e8ab9c9ebd013561e5ce20258b4e811c90e239221d10a818d3e7195c153e44670410260bdd6449f144a5294ad4a0a52940294a500a5294057b9a38dc9132416fa3b6705cb382cb1a038c950412ccc700647463be9c1adc9cdb71f48b4935e1260913dbe95d3daadcadbdcf78aebc8ed51977c6177073b6c738d84915c35cb5c84498c70c6896ed2ca4a23b69075841bf68d9618eb93527cab15afd13e90d96092492bc970918749232627384ee21023c653ae33b93597bdcdaf1c7dcbfb76ff0026ef35f1368d443131134b9ef0eb1a0f6dff0016e157d4e70429ad7e1d6ab146b1a8c0518c79545f0f2d3ccd3c830d21d583d5517f769f20727ef3354ed6519ef939785c22ee3b550a5295a15151dc5e77ee41136279c9556f14518ed65c1fb0a76cec599078d6edc4eb1ab3b90a8a0b313d001b935adc3ed5d639aee652b34919d284ef1c6a0944f20c7da6fbc71921454834f93a255b2b7d0085640e32727eb097dc9ea7bdd6a66b4781a016f0a8e8b1aafe431fe95bd554ed592d570294a54902a2b997883430ea4386dce700e1554bb9c1f45c7cc54ad455cd80bb7b988fb2b6ad0e7ef5c03abe6aa887ff00c95209635e569f07bbeda08a52305d14907a838ef03ea0e47cab72a010fc457121f5c1adce1f2ea42be23fd8ac1c557bc0f98fe9ff00cd61b1974b8f23b1f9d79ea5b333ff007674d6ec64a5b4c1d41fcfe351fc7cb22899065e33a82fdac0391f30587ceb3589c3bafa9fd0d6cde265187a67f2deba549cb1df95fb464d252a30705b631c28a4867235bb0e8cee4bb91e8598e3d315e5cc9d84ab75d140d13fac79c873ff006d8eacfd9693cc562e5f97eacc7e31314fe1d993f9180f91a92600ec4641ea2b78cad268cdaae09da544f2e4842180924c385049c9319fdd1c9dce002849ea6327c6a5ab63314a52805294a014a5280d2e2fc2a2b98fb29812ba830d2cc8c08e843a10c0f51b1e84d57b9ae348d2deca155488b1919146076716081b79cae84f9e1bd6add544e233f697770feea158177db083539f4efc8ca7fed8ac3533db8dbfc1a628dc9125c2e3ee96f33fd2b76abbc3f8819ca98dbea3d94c7fccf067fc3d74fa77b7c8c58ab2c0d6ddabc7ecbe4eefe4562bbb95891a4738440598fa0afb9640a0b13803fdff00b1541e3724b7f0898ab1b53731470451b1fae6d40b34aebb850414c0d95831dca835ba285bace3372e8660ab145a59909f6a6c0651bf558f20fabe3a68c1b15c47ad19474652bf9822a12d3932c55007b4b791f1de77851999bde625813b9dfad668f956d10ea82216eff6a0faae9d32a98561e8c08f4a03479725d56f19fba36f8807fd6a4ea3786a7672cf0f82b975fc2fdf1f2058aff0d6da4ddf643e847e5bd6506a3149fd8bb56eccf4a52b4282be795e3fa9edb1bcee66e9e0d81167d444a83e55a7c590c8a20048339ecf23a852099581f02101c1f32b5953946d7c44cdeaf7372df9664dbe5520d7e1c9d94b716ff664ed507dc9f2ff00f904abf05152355de3bcb91dbc914d0cb710ab37632309dd82ebfdd1c4c5d71da61718c7d6d6d01790f8a5ca7ca29b1fac6e7ffd74063e3d21134033b309411ea0230fe87f3358ab5f89f114966b75195914c85a37055c0d18ce93d573ef0c8f5ad8af3754bdff0083ab0fd26e5b499941f3ff00db7fd6a508a87b01f58bf3fe86a66ba34aee2efe4cb370d107c29f4ce57c244cfce33fd487fe5a9caaeca74cb137d99707e0c1931f9b0fcaac553a695c2be0655eeb3e616d1346ff006b31b7c1b75fc98003f19f3a9eaae5f6446c46e546b1f143ad7f551563560464743b8aec89cf214a52ac40a52940294a501e3b85058f40327e03735c99a2696d5c018cc66697f1dc31291ff14ae73f75187bc2ba27374ba6c6e4e71f52e33e595233fad57ee6c7b3e1f18230f3cf148fe63bcb22aff0a46a9fc3eb5866574df4adff00469075c7cf062e1512c6634518540140f200607f4a9e660372702a9f6377aae2600ec8100f96acfea7f4a916627a9cd712c8f07b5ae5d3ff00d499d2e0a7ca33730715d104a631a9f4109e0359d93f988ad9e2fcc563c2a18e19a455d08a12251a9c85d81083a0dba9c0daaa7ce97821b532b02424913614804e995186e4103751e06b5b913f6726e31c4389932cb30122c6e49d88ee97d5d4e31853b018ce7c3ab4d27922e4fe4c72a51748db5fdb1c721c5bd85ccca0ee4633f9286fcb3560e59fda359de3f639682e338eca601493e40e704fa75f4a8bbabd333910394b24eea08ce8ed483867d4b822304614290080492411557bc821ba5057b59534970afda6b650da5a4b69a5df52b740094270186e08eaf4f839fd4e4e91c74f657514beec88633f143a947c4ab487f82a36eaff00374e8a477628e4047df6954ffe31f9d484f612cb6206bed668f4c913ff0079a4065c139d9d095c92480fb924126b2b229905c2f4ca46de18498131120eff00bd4d0079c86bcfcf17ca5f7fcaff00875e36b865c6d6e038f5f1159aa02372a720e0d7df13ba7963ecd0e86721350ea0b90b919f2ce7e5518f529aa7dfec4b153e3a26b8441addae0f423445e899cbb7f1b01f111a1f1a96ac6024698d96345c6e760aa3ccf8002b98f32fed0eee49a4b6e1b0855880ed2e67c2aa646727b4c2a0dfdfc93f66bb12b31e8e977f66b346f138ca3a953838383e47c08ea0f811503c22e98eb8263fda21215fef83fbb907a3819f20c1d7ddae6b6f63c52e8864e390b4c46d1a4ec01f805500fc429ac1c438871ae1d345717a0cd0c6749906865646c6a53228046e3235f423d4e6db48b3a17345bac925bab0e9da302362a40519046e0ef58e10c0618e48db3e7eb8f035824e2b15dbdb4b03068cc32b7a825a10011e0461b23d2b65980193b01b935e5ea9fbe8ebc3f498c5d81288c13aca17f902abfd5bf4a9cb2bbd7b1f6bfad735b6e225afe397dd72d10f456194fe645f9b55d01c6e3ad5e719e96693f293215654cc7c4b6d47ecb06ff0b03fe9564aad5f1d48fe655bfa1ab20abe91fd4573783dadee04f9b78c78a8d07e284a1ff2d46cef8527d2b73974f71d4fbb21fe60b27febaed8f6734894a5295a1514a528052954de6be6dbab2948fa12b5b6015b832b85e9de0fa216d041cfb440231bf80027b9aacfb6b3b88b19d7130c79ed9c7e951fcf1728914209dda74d3f9e0fe8dfef0715f83f6817122ea482d981fb33bb0fcc463fa547f1fe609eeadcdbbd9c03a3230b99328e9bc6c336fd411d33b8c8f1aa49a926acb24d3b223956666b995cfb2f955fc69a64901f5d33263cf0de556eaa87295e45224b672110dd76eb34321dd04bd9ac7d9b1ea356964390321c80738ab2477c34b99018de3fdea37543ebe6be2186c46f5c5af83f55c97474e092db46a71fb35b9436a7192f03303b770cca0eff00056fd2ba0738e62b1b978ce1842c14fd92c3483f2ce7e55ce78e4a229219f5623706076f05ed306273e81c633ff52ba6da98efec8a38eecb1b472007704828e323c41cefe62afa37eda29a85cd94d360891684500226951f05c0fe95ad6f029b1e0e063b4fa2961e7a0c71ebf96b31fe42a5eced5f78e4fde467439f323de03c986187a30a8bbfe1f1d926600cd34a4450c65d9bbc725110312123049621700004f857a4f97670c5d26a8b2f28b9367093e4c07e10ec13f9715af2f2f2fd22470a0c171198e64ce0820b3aba9f8b3671b8660c3c6a5384588b7822801c88a354c9f1d200cfcf19f9d6dd72be59d4b84536e381dd23b327d6a80069d414b8df75ce15641e20e15b57b4318ad286694dc429d8c817b44d7a918152181df230576f681232479d5febdac7d086e52a34f525547c491960546327a646707c0e3c7077ae51c7b85c4d72d12877b6b7955123077b8ba761ae490eda8eb70993b021ba0073d76dfda15cf396a305f87c9fde4cd2b93e72473c9bfa99187cf15d58d79309be91a3776a5da6b5b9882bc454101b23bca191d1f008f438041156de53be173034331d73427b2973ef8c651ced83a90827d750f0a85ba4ed7897106cf755a18c7c5610cdff009056d72c40d1ddde346a5dbe8d010a30096d7701773b7c7d0568f98d98a5b674885e19cbf05a5cddfd1d74a348ab8ce402ab960be4033118f0208e8063539bee1bb231a1c7b0653e48ce102fc5ce47c15fcaa66cad66d6c81198a92ac7490864275393295c120e7515cf78b800e9c98fe79b65b5821b70dae69e6334ac7de11ae361e0aace8aa3c81ea726bcfc38659351ba4bc9dd29a8e3a45325524774e1810ca7c9948653f22055f2d38a249d96363229603c88f694fa839ff09aa356d72f5c169623e1ac81f0c95cfcfafcebd4d769639a3b9f693fd7f66187238baf92f372c02313d029cfe5564e83e1555e24c9a555d9555dd5496200c672d927eea9ab0dcce081a4821b7c8dc63e23cebc6d22a4d9d399f2918efe704263705813f84105bf4a97e08379bfee03ff00f38c7fa555de5089a9865494888cff007d22c64fc83e7e5561e589cba927da2a85bf10d48e3e4508aed81cf226a94a56a505294a015ed794a0222ff95aca66d52da40cff006fb350ff00e3501bf5aa8f37f2b5b5bc6a6dda68a795c4718ed9d901c16666494b0d0a8acc718ce31904835d16b97f3b5dbdc5dcaa9b24012d55b3d669f12498cec7446a1cff00d9c7473512aab64aec83b7e032dc1d691c33a9d51f6f9689481b36b88824818db1a813f66a665e0f708812e80bb8b4940f1b15b94460432fd665664dfd8739ea464e0558b83a2c4891280a8aa401e0028007e83f4af2eb8942751595182292da5d4e00c939c1dba573c26a51b3592a6572cb8145759b3b7bc26dfb01db2bc59910b6da42b153113ed6183007d9000c0be72ff058ec959202e11883a598b00400a719dc0200db381818c550b9438876778d2c8c15666ec9812321d962646cf509abea8676d5803ad74faba497284934e9f835388582cac24cb24a069d687048f220e5580c9c6a071938c66b159f088e37ed0e649b1a7b49082c01ea170005071b85033819ce2b7e9536cad215e1619032327a0f138ebb57b543e73e1f1bdd832c6ad98d4c6cc0646866d414f50416076fb62a1ba348437ca8bed795ccd20d3ecc938f85c4e3ff005d48f2fcf28bb86359a560dacba3c8ce342a1df0e4918728323ed542926693d3ca2adb45f01c6f54be1f6081a4b29c7b04940760f116d51b291e2b90a48dc32676cad5ceb0ddd9a4a0075070720ee083e6186e0fc0d69096d39670dc8af9e1b1c087b31a572598b312493bb333b12493e24926a7794f87346b24ae30f3306c1eaa8a02a29f5eaf8f03211e158edf84c4843692ccbb8323c8f83e040762323cf19a916958f53579644d5148e2a762e24d4de83a7c7c4d70fe6ae33f4abc924193183d8c58ce34c7925bcbbcc49fc253d2bb45cc45d1943142ca4075c6a5c8c646a04647a822b9871ae4f9cdc241696d8b6822091bbba852ce754aecc4972cc7482429fddfc2ad82694ed979ae2914ebf9ca46cc065b0703cce3fd9f803529caf6d89625fb037fe15ffdeac373fb3e78e292496e2152372c7508e38d7bcc738c966200276014103da3509cb3756e882796795e5762a90db46a4e927b82491c3224840d454b023233d0d6d9b3c650928fc522b08d49597ce011c7712bab2abc71a9560ca0a92ddd1b1d8ec1c7ceb7aeb96787448f234104098ef48988703f1a15c7e75403cc73db8786da3485e572ecccddaba478d29b001108030a097c9d47a66a7397ac44b14571725a699beb03cc4b680d92ba55bba984233a40f1af3b1c542348da52dcec88e357211edc4125c0b07b88f5bce752bf66ddb7d50643311f57bbb305c74ce7356ce49e3d0cd75711c2c5a26cc91be308c468ed950fbda5a4d44ffd5c78544709e67b67e21f489a431db43198ede42add9bb39c4d21900c28c28552d804163533cefccb6b14305e25cc4cd14e8c81245632231d13aa85273f56e4f96554d6f1464d974a555387f3fdb4b2a45d95c47da38446922c2b311903662c3a1dc8c6d56bab10294a500a529406bf11bd58229267d9234676f82824ff004ae7f258345f438a403b52b3de4e7febccc83f20249141f25156de6cef243003bcf71127c554f6d28f9c70b0f9d42730be6fdc7d9b68bf9a49f3fe51586a5d62669895cd119cc1d9b5bc91cd20891e331eb3e05c103006e4e4f41b9a91839760beb1899ad92dae0c7dd65882346dd3a60131b63d838cab60e2a27895c8b7b9b6bb9175c51318d940cb2998a2248abef329eee06f8738f23d1cd63a7fa7f26993ea3994dca5f46b337170911bafa46b97196468a5710b444b0c95d0c180e9ac0ab470be246dc08e762d0aecb331cb28f0129f103fbcf2f6ba1633d796a92c6f148a1a3752ac0f882306b9d58f0064894dbb3452c571f45b968f41ed5436166d3206512619598e3382e37daba52b336f9b3a5ab0232370770452a8ad1ddf0c707b5596d18e0b32845463d3584d9031e92200b93de524eaab170fe65825032c2362700395d2c738eec80946f8039f302a1aa099315adc4787c73a68917233904120a9f30c37077fd48adaaf2a092b7ff09e0ed3b15fbc8a5bfc4a42ff002d48704e0115aea64d4d2be03cae72ec0741b001547d95006fd335294a51694e52e1b14a5285452bda817e3d248eeb696fdb2c64abcad208e3d4366556c31723a120601c8ce4115291164e48e141663800649f203735464e62ba84c5712abcb15eabf636ea83546fb35b26a0323b48ce5cb9c2b293b0af8bfe2b7975126868e15bc6ec618b4768e6320f6d31932000132cbddc1ee67dac0bd4110455419c280a33d7006054f43b39cfed0b87cabc3e49af6f9cbf7488234884065c831a052a5d9756f92dd067c2aa570d1e94ce63ece1926524b0532e142ee87c3513b900e31be4d765e3fc0adef62ec6e6312479d401241046704329041dcfe66b86adbc3135eac2434288e03a8d3ad118efb6067008c8c038c8eb4e5c5f3fee8b415ce898fa0a00b19662653991ceec576ed18e37ce9ee8c742cb8181b49f13b87b9ee37d5dbf4ec81ddc7948c3ddfb8bb799236acdc5f8620b7fa65acb23aae19958a9ee0fde2e1541c8073be4e546f835a66f631bf68983bfb4bd0f4f1aa34d7042a666518181b0e98ad0e21c263951c04457742bac20d433ebd6b7639036ea411e841fe95afc4a6d0aa738cc91aedf7a4553fd6aa8b1bfc1147ff50b007a76b21dfcc5bcd8f9e6badd720b13fdbac31d7e93fa7652e7f4aebf5b43a329f6294a55ca8a529407c4902b156650590965240254952a483e074b11f026a9bcc0845fb9f06b78b1fc324f9ff30abad5479d5744d04dee98e58c8f12c344a9fca92561a957899a62753457f98222d0ecda5d5d1d09191ad1d5d011e2095c1f4ad9e25ccfc4e32e05bda308a18e77649267fab919d752a95527023662bd7036c9ad5bc9b5fd19e20645673261464b22c32bf740ea700103c6beacb8c2da082eff007b6cf6e96aec84968fe8cd21590a81de8ca48092370307706b9f47c45a66b9fbe09fb2e6c59225ec239af1f48cbc3098e266c6e43cc42019f0d4c47a9a91e5de1ad141a66d26577925934eea1a591a42013d42ea0b9db3a73b56fd9dc2488ad190508054a904608db046d8c566aee4a8e76ec5407317092434b022b48da55e26d9250582e58856c10189d401c81820e0627ea2f8e5f3ae9820c7d266ce8246563518d72b0f10b9181ef3151b6e44b56414b92fe1b5778c4f2da18f660a4b40b800e91a83c2a70c3ba02b6e361b564ff8fda352c2582e17a8ee4d13301e4e15d189f0c0515634e190b28b04ef5bc5869f2726462758473ef3313da3e7a82a0e439a9cbcba58a3791ce12352c7d028c9dbe559b491756532d7f69b6cc40786640412aff5663600e352b17048f1f641c1f0a949f9f2c23d22598c65d75aeb8e4195eb9074e08f506a8fc76d2dd41ec209e398942bf5e8c8a0139c091c953a5980036dea5785701b2b8658825e463b3ec8ab3c38654d440628598101f1918c8d3bf4aa2945f4cb532db0f3659b0cace0818f724f1018755f10411e845619b9cecd582091ddc82c1521998e0753b260019dc9d879d638790f878c6ab712e0003b6779700000002462000000001b01503c3f86c36d6bc5eeede358d5d66588282174dbc6cb903c354bacedb631574acab745a6ce1fa5aacf28611ba868e20ec0056190ce174e5c861dd3a82e060e726a4e1b658e358e350a8a02aaa8c00074007957b691044451b055000f8002b2d6850af73115825b4ba2310c2cf148d8da38e54003103a2878e304f8039d80352777c5a3484ceb99a31b930e97c2f8b6c77006e719381b035baed804f8557f8a72ad84e0b34080b6ecd1fd5eb037c398f1ad7cc366aae364a7445def3d58dc412c682790c90902316f3e5848a42efa7480de0c481eb541e356fd82889c8fa44963147a478ba89119bcb036c9f251e9574b0bc49ef2e2680ebb7eca18d5d4770b4666d410f460038191b564e64b212c0cbb06cae9623a1d4307e1bee3c89aa71ba9f4691935ca23b94eed75e51b413b491fbadf780f03f0fcaa7e4b2b4d7d898628ddb2c988d06acfb44103739ea3af8fad72fb69cecc32aea707077561b119f8d4ec9c77b6884338dc6e922f5523a1c7978103e23a6fdd934fba56b94ffdf9325326eff95edf3de81158fbf18d0df274c1aae730f05b84556899a685244924570bad11183921c1191dde8413bf5a9ae05cdb8022baef2f4127523f10f1f88dfe3566be8a396111a69649d963ee90410ec03efe384d4d8fba6b9278658e54cba926b822395796ee24bc8ee668cc505bea28afb3c92152a0e9f045563d7049f4ae8f5e9af2a52a2add8a5295240a529402a1f9b78799ad9828cc9191220f12573a80f5642c9fc75315ed4356a9929d1cf3947834dfd86e622ad01fac7524868d9a278e554047790c8c5802415dc6e30066e3769125f6215d1a622f2019d05e67d8e9f643622627006758ce76aba5c4d1c1133b909146a598f8281927ff008ae7b2de36896e645c492132683d464058a33b9dc284538f7b3e75cba96a30dabb66d895cadf83ef976f8594f25bca4c71cb36ab73ff0024eb033183d11f56a3a4e01ce46f9cdf626c8dea9d7d66b71034520c89130479123623d41dc7c2a73976f0bdbc3237b4d1296fc581abe7ab22ba212b462d512e4f9f4a84e5c01c497afb1b8c1427dd8133d88e9b02099083d0ca7ca9cd726a852dd4e1aea45832339d2c0bcc411d0f648f83e78ac9cd5284b490740cbd9ede0adb391f04d47e557208de13c721861567d6d34ec6628a84b832e644563eca911e000c46c9505cdfc5e4b990c308ba110854b8891c9cbb363508c3103eaf6276eb56f1c0639208a39836a43af2aeca448410c728467da23076c785549aea78269e2b7656ed25487eb57242e421efae96c2977619cf53d6b3a6a57c51329c52e4d3bae07025af6cd78f2dc88d7b93c51329738c28062590aea3f68d6cf245f49f4a5591e13f56fd2368caae541c0321c92e10608e8ad5b5cc569359884a4d1b1698040f037b8ad282c56500feefc00eb5e598bbbc6967716ec4698f1aa451dd5d430087c6ef9c7deea715928b51b7157e0bef8eedbb8b6f31dfb416d24898ed34e98c1e864721221f3765ad2e2bc3445c2e6b65dc259c918f33889864fa93bfcea060e1ae93d95a493338d46e1d36ecc9886bd4a082ca3b691085d58c0e9b55e2e22d68c87a3295fcc63fd6b78aa28dd9f68d9008e8466bd2715adc31cb43131d898d491eba466b578bf1bb6b623b79555dbd9419691bf0c6b966f90ab106fb4c3c2b9f733243717d0db6a3222a48d710ab7d5a9c2f64640b8ef124e14e7cf1521c578b4b76bd84114d6f13635cefa51f478ac6818b2b374d4c1748cf8e2b270ee1f1409a21408be9d49f324ee4fa9dea9291648d844000000000c0036000e800ac17ea4c6e075d271f10323f5acd1c818654e457a0e197e38fcf6ae79ba57f6348ab656f8cf2e76d035d5b82d2c4ccb2a28c97427b48d940eaeb1c8a3cd9463a85154f4604020e41dc11d08aea7cb175d8dc340db063d98f4641aa2ff14440cf9a01d4d42f3ff28765aef2d97b84969a300f77c5a4400671e2ca07991e39f4b4ba855b598ce3c947abe7ecb784333b5d36446b948c78337477c7dd1dc07cd9c7856a707fd9f4d23299d91603b929265997a8d240c007ed641c1e95d42de058d551142a280aaa0600036000ad33e64d6d89548fba5295c8585294a014a5280509c6e7a52a3b8c583cca103284f1073bf967d3d2ab26d2b4ac94ad955e3bc44dec8aa9ff00d9c67567fbf707ba47fd253b83ef1c11dd1de8dbe532a33007b20446adf6e57ee8d1e62352d21236ca28192180b9da72f20cf6b8907d9c777e60f5a8fe604692e1571f570a77540f16f698f9614691f89fceb89c257ea64efc2fe4e8525f4c7f2cc22a392ca68599ad67d0198bb43228788b31cb118c3a12724e1b1924e2a46bc96408a5dba0f01ed313ecaa8f1627602b78dae8c99076bc62e269e199a1ecfb179a10092d03ca488cb0940d4980a546b400ebc035b7cc5c4657d09205015d1a5d2db2abcc91139207b8d29fe1ab1f2f70e3140aafed92cef8391ae462ef827dd0cc40f402ab3cc766248b89061b9063dbc4471768bfcd31ae8332739db5e8874872a660aca8fa58ea56541ed2e46b236cf97955664e1c9f45bb2f13191668b5a48fda3aa1309901d6ecb965c9d209243799c55a78b2174b6c927b29a3793baec7eac67a22939ce2a2eea0465bd1da2037134522ea0e3641113a815d8f70ae3c941f1db2941b7659355468da700496e12192268e25469026b284b12b1ab288df2b80ce356c4e46323350d697af1452bc0d7512096558d83078df4b308fbd3ebdcaa8c9c6763e1d6eeab1fd2fe9025057e8c21c61b5643ead5d3a62a0470848ad6dad4cb9ec6632b318880e49738009d8f7f4e77db3e38223d2a8ed4df04eee6e8d9bee26b0712692512482dac7bee8990badf323b01b000439c0dfae01c55ce5ba44c6b755cf4cb019fccd55797a707885c0607eb6da22091ed76724c24ebd71db27f8ab678370c8d2e2e97b34004c0ae9503bad1c6d8dbef135b14377854864b550ae47b71eb5c67b8ec99048233ddebeb50b7bc122b59229a1501e53d8b82599e4d8b8732312c5942b64b1390719d855b7b2030a000be951dc778419f0ca71246a7b307601f523649f0c84d07eebb79d435682236b5b89ce63864751970a748f36c6147cce2b2db4e2450ebd0f81ea08d8823c1810411e041ad3e3ed880b6f8468ddb1f6524477e9f754d60bb34364c5d95ccf07d9113afe068c47fe785ebeae3c3e3529ccd624bc5751f7b4028f8f189f0c1b03ae9600fe167a8b9c82b91d2a9a95ed65b13e51adc7e0efa382409405d43aac89df8987803d773e2a83c6ad5cb9c54dc4597004c87448a3a6a03391f75810c3d0e3a83500f189a06889c1c6c475041cab0f50403f2ad7e5bbb65955c8d2e7ea664f0c83b1dfec924a9f1573e6314864db252f0ff65a50b4d7945d6ced562411c63083385f0009ce07928ce00e80600d8566a52bb8e714a52805294a014a52805294a015ed794a02afcd1c4acec4249705c768e4008b9cf89d87ba3f3dea52cac2ddc24f1e1c32e637d8e15bec9f00462b5f9cb96d3885b342c74b8ef46f8ce871d0fc0f423c8f9e2b8e5b733def0c86e3873ae86e8a49de2d472e50f8ab02483e04e7cc545226cead0739d9b5e8b04676972575800c7ad412c9ab39c800ef8c64119cd60e33c4f8744f24535da248cc4c8872d8d4aab83a46ddd51b7ad45fec9f9385bc4b7932fd7c8b94047eed0f4d8f4661b9f2040f3aae7ed7f95e1b622ee32faee263ad4905012a589518ce49df727d31524179e117b0dcb7676dc4bb460b9d25222f81819d91491d3c3c6b5b8c731c36927652f1088483aa9b691c8fc5d948307d0d3f679c976d6c915e2991a692153976184ed154b050aa3f33935cdaed2d23e3170b780b5af6d2eac17c82c4907eac86d98e36f0a03adf06e24b723ea2eed653e2151c30f8c6652c3e75f7c6efa2b6402eeea18b5fb388c8638c6700bb13ea71e35c4f9a0f0e0e8dc34dc87d5ef6428f2d04fd6eace3ad4cfed456e3b0e1ad739fa41b67d79033a8143dec7bdb8cfae680e89c1c58cd3a490f1012ccb9d2a248bd961de5ecc28241c0eb93dd1d2ac12582a3bcc64d3a95436ac051a356f9f024301fc22b88f3870ee131c4af6572ed3f74f67bba7867be546961f13d3a0eb5b3cd3732dcf06b19ee0b33acef182d9efae96d2e73d5868d3abe3e7407644995bd99e23f0607fa1acc63651969102f991b7e7a85710e13ca3c365822925e290c523a82f11ecb284f50417c8f98ab0f39f058edf81c71c171dbc2b70ae1f2a54ab6b002e924690c41c64ee0d01763756292b3bdd5a82dedaf69180c7a024173dedba8c67c738189a82de1601d0232919565c104781046c6b88f2f72cf0b9ade392e38888656075c65e152a4123df19c6067e75d9796ac6082d628ad9f5c0abdc7d41b502492da97639249db6a8a049d7c08547455fc857dd2a40ad59b8744cda8a0d44e49e84900019c75d801f2adaa54349aa64a6d747b5e5295240a52940294a500a52940294a500a529402b8cfed930388db33634f649927a604af9cfa62bb3546717e5fb5ba646b8852468cf70b676ce32363b8d86c7236a0252b8bfed9b98629dd2d622c5edddfb4c8c2ea2aa1707c71bf878d767a8ae25cb36770c5e6b685dcec5ca0d471d32c37fd68089e4be6db3b858ad6090f6b1c2bdd6475d91554e091838f8d735e05c222bce35710dc2978cc97048d4ca72ae71de420feb5d67827285959c865b780248469d5a9d88077206b638071e1e559acf96ad62b992ee3882dc499d4f96f1c6ac293a4138df037a03e384f2a595b10d05b46ae3a3e3538fe37cb7eb5cebf6f4d86b43f765feb1d75ea8de35cbf6d79a05cc2b2f6672bab3b67af42320e0654e41c0da80ac702fd98d846a8ee8f33100fd6b6572467d850011e8d9ad0fdb7c38b2834ae116e0741b28ece403a6c0787e55d22b0de5aa4a8d14aa1e37186561904501c07838e0c123fa49bc32e9fac0ba3b30de38c77f157ee60b2b56e0120b03fd9c62552751395983499d7ded590c0e7a7c2ac7ff01f0dc69fa1c78fe2cff8b39fd6a5a2e1102c1f4558905be929d9e3bba5b3a87cf2493d72680e17cadc3784cb0e6f6ea586704e557d92bee907b26df1e0093b74aec5c8c6d05a2258c864810b2ea39d5a89d4da832a9072d9c606c4542dcfeca38737b2268ff0ca4ffe40d565e5de5f82c62315ba9552da98924966200c927d001f2a025294a500a52940294a500a52940294a500a52940294a500a52940294a500a52940294a500a52940294a500a52940294a500a52940294a500a52940294a500a529407ffd9),
(2, 'staff1', 'mustafa362005@gmail.com', '018-2534760', '$2y$10$AbGZrGDyjR03.4JN0cZRquX5NcQ/DmkoDdwGjLEj/fJA.dCIPgahW', 'staff', 'Afternoon', 0, NULL, NULL, 0xffd8ffe000104a46494600010100000100010000ffdb0084000906071312121512121316161216171d1819171817171d1a1b1d1a1b1a1a181e1e18181d2820201d271e181f22312225292b2e2f2e181f3738332d37282d2e2b010a0a0a0e0d0e1b10101a2d2520262e2d302d2d2d2d2d2d302d2b2d322f302f2d2d2d2d2d2d2d2d2d2e2d2d2d2d2d2d2d2d2d2d2d2d2d2d2d2d2d2d2d2d2d2d2dffc000110800e100e103012200021101031101ffc4001b00010002030101000000000000000000000005060304070102ffc4004610000201030203050407050605030500000102030004111221050631132241516132427181142352627291a1073382a2b1245392b2c1f016436373b3c2d1f115348393a3ffc400190101000301010000000000000000000000000102030405ffc40029110002020104010304030101000000000000010211030412213141132251327181b161d1f0e191ffda000c03010002110311003f00ec94a52805294a014a54271fe3325bc90a244aeb2eb05da428032e92a80846ef302c4671fbb350dd2b612b26a470a0b31c2804927a003726abbcbdcd5f49944325bbc2ef119a325832b20651e8cae35ae548db2704e2a3f8cdc4f7ad1c1d918adb25a725d08900f6221a4ead04eed9032171d09af396789451c0d75364dcc92b406203beacacda2045f0ee8ed0b1c6412c485034d14f73e3a2ce34b92e94ad2e0fc496e2212aab2f799591b1a95918aba9c1232083b8241ea0d7ddc710446d1bb37885f77d58f41f0ea7c056854daa5464fc58a9eec2ee3cc3463fccc2b564e3931384b46cf9c92c6abf9a6b6fe5a8b44d13b4ae7bc4f9f0ea31452c5da0386ecbbc10f88d6c0eb23c820e9b915b3c179a2745c4c5a703196d011c03d4e95500fa0c0e9d6aae6913b5979a56bbdfc4b1f6ad2208f19d65801bfa9fe9504fced6e18f765ecc67eb4ae94cff00190c07de2a17d71bd5ad2228b2d2b42c38c4529d20957fb0e304fe1232ae3d549adfa9205294a014a57b40794a89e1dccb6b3ca6186612480127486d38520361f1a49048d81cd4b500a52940294a500a52940294a500a529402b0de5a24c8d1c8a191b620fe87d083b823704566af680a672abbb5ac6643aa4c69663d49425093eb90693f0146b94b90cea55f5b202343b88de256208c8608e46411901739c0c7d5b4d1c125c40c426895e5ef103b929336ac9f77533ae7ce36f2a344d73ed6a4b7fb1b8697f1f8ac7f73ab7bd819538a5b78469766bf0a9662f72b1368b7927d62618d447651abac7fc68c4c87cfbb93baccc30aa0d2a303fde4927727d4ee6be946361b01e15ed4d9142b49e23375da1fb23fe67c4fd8f4f7bc76d8eccd1ea18f0cefea3cbe7fd33592a093e21895005450aa3a05000fc857d9a5280d5bae1d0c9fbc891bcb2a323d41ea0fad435cf2847d619a784e738d7da29f4d336ac0f4522ac74a02a365677164ac26eca5b31bf743068f7f6b43123479e1bbbb9031d2d101214185ca7901bafc341dbf2c1f5acc454370dfecf23407f76378fd15ba0fe120afc029f1aa4a5b5df8252be09d8b8cb2ed34671fde47965fe24f6d7e5a80f122a56de75917523065f35208fcc543546717e0cb302cac629fdd9a3c8707d4a90597d09fc8ef5b2914da5beb592fa1691a0122195402f1861ad41e84a83900e7f5aa3da73acd688f1dfa97745216445dd9f04c68ea001f584612450149ca90ac08ad396096d459ca237967fa4992568877999e390ca373808cc42778e00d3f64525349a4146cfaed070e609e1604360757b59032eac6e72a324f89680f830ae948e08041c823208e841e86a8fc3f84c87b59ae70f7171fbd1d555464244bf7555b19f1249f1ad58ecf0cb6b6a6e1a4541a53e9774b1c483baa5c893babb6028058e9d86012318e4db271a7fc1771b576743a56b70bb668a18e3791a574455691bda72060b1f5277ad9ae93214a52805294a014a52805294a014269555e2b73f4d91a053fd9233a6623fe738eb167fbb5f7fed1eef40c0c36912959a21e3e2170b726206080916eeca3be7c64c9dca64774634ec1b724689caf00c6c3a57b59b765d0a529500f335ed47f0e93b492693dd0fd92fc231de3f1ed1981fc02a42805294a014a52805477198b657f15383f07c0ff369fc8d48d62ba8b5232f89071f1f0fd6ab38ee8b44c5d3b31d84fa977ea363fe95b350d6f2766fbf4ce0d4cd65a7c9ba34fb45f2469915c7b85accaafa753c4c1d47dad2c1b41f89504676d4aa6a46091595594e548041f43d2b25695b772468fdd6cbafa1cfd62fe6430fc4de55bd199b6ed819ad6e46b7d4b35e1eb72e0a1dbf7318d3174f03de71e920f8568f199fb6d5690b812b2f7d86fd92918cb608c31e8ab9c9ebd013561e5ce20258b4e811c90e239221d10a818d3e7195c153e44670410260bdd6449f144a5294ad4a0a52940294a500a5294057b9a38dc9132416fa3b6705cb382cb1a038c950412ccc700647463be9c1adc9cdb71f48b4935e1260913dbe95d3daadcadbdcf78aebc8ed51977c6177073b6c738d84915c35cb5c84498c70c6896ed2ca4a23b69075841bf68d9618eb93527cab15afd13e90d96092492bc970918749232627384ee21023c653ae33b93597bdcdaf1c7dcbfb76ff0026ef35f1368d443131134b9ef0eb1a0f6dff0016e157d4e70429ad7e1d6ab146b1a8c0518c79545f0f2d3ccd3c830d21d583d5517f769f20727ef3354ed6519ef939785c22ee3b550a5295a15151dc5e77ee41136279c9556f14518ed65c1fb0a76cec599078d6edc4eb1ab3b90a8a0b313d001b935adc3ed5d639aee652b34919d284ef1c6a0944f20c7da6fbc71921454834f93a255b2b7d0085640e32727eb097dc9ea7bdd6a66b4781a016f0a8e8b1aafe431fe95bd554ed592d570294a54902a2b997883430ea4386dce700e1554bb9c1f45c7cc54ad455cd80bb7b988fb2b6ad0e7ef5c03abe6aa887ff00c95209635e569f07bbeda08a52305d14907a838ef03ea0e47cab72a010fc457121f5c1adce1f2ea42be23fd8ac1c557bc0f98fe9ff00cd61b1974b8f23b1f9d79ea5b333ff007674d6ec64a5b4c1d41fcfe351fc7cb22899065e33a82fdac0391f30587ceb3589c3bafa9fd0d6cde265187a67f2deba549cb1df95fb464d252a30705b631c28a4867235bb0e8cee4bb91e8598e3d315e5cc9d84ab75d140d13fac79c873ff006d8eacfd9693cc562e5f97eacc7e31314fe1d993f9180f91a92600ec4641ea2b78cad268cdaae09da544f2e4842180924c385049c9319fdd1c9dce002849ea6327c6a5ab63314a52805294a014a5280d2e2fc2a2b98fb29812ba830d2cc8c08e843a10c0f51b1e84d57b9ae348d2deca155488b1919146076716081b79cae84f9e1bd6add544e233f697770feea158177db083539f4efc8ca7fed8ac3533db8dbfc1a628dc9125c2e3ee96f33fd2b76abbc3f8819ca98dbea3d94c7fccf067fc3d74fa77b7c8c58ab2c0d6ddabc7ecbe4eefe4562bbb95891a4738440598fa0afb9640a0b13803fdff00b1541e3724b7f0898ab1b53731470451b1fae6d40b34aebb850414c0d95831dca835ba285bace3372e8660ab145a59909f6a6c0651bf558f20fabe3a68c1b15c47ad19474652bf9822a12d3932c55007b4b791f1de77851999bde625813b9dfad668f956d10ea82216eff6a0faae9d32a98561e8c08f4a03479725d56f19fba36f8807fd6a4ea3786a7672cf0f82b975fc2fdf1f2058aff0d6da4ddf643e847e5bd6506a3149fd8bb56eccf4a52b4282be795e3fa9edb1bcee66e9e0d81167d444a83e55a7c590c8a20048339ecf23a852099581f02101c1f32b5953946d7c44cdeaf7372df9664dbe5520d7e1c9d94b716ff664ed507dc9f2ff00f904abf05152355de3bcb91dbc914d0cb710ab37632309dd82ebfdd1c4c5d71da61718c7d6d6d01790f8a5ca7ca29b1fac6e7ffd74063e3d21134033b309411ea0230fe87f3358ab5f89f114966b75195914c85a37055c0d18ce93d573ef0c8f5ad8af3754bdff0083ab0fd26e5b499941f3ff00db7fd6a508a87b01f58bf3fe86a66ba34aee2efe4cb370d107c29f4ce57c244cfce33fd487fe5a9caaeca74cb137d99707e0c1931f9b0fcaac553a695c2be0655eeb3e616d1346ff006b31b7c1b75fc98003f19f3a9eaae5f6446c46e546b1f143ad7f551563560464743b8aec89cf214a52ac40a52940294a501e3b85058f40327e03735c99a2696d5c018cc66697f1dc31291ff14ae73f75187bc2ba27374ba6c6e4e71f52e33e595233fad57ee6c7b3e1f18230f3cf148fe63bcb22aff0a46a9fc3eb5866574df4adff00469075c7cf062e1512c6634518540140f200607f4a9e660372702a9f6377aae2600ec8100f96acfea7f4a916627a9cd712c8f07b5ae5d3ff00d499d2e0a7ca33730715d104a631a9f4109e0359d93f988ad9e2fcc563c2a18e19a455d08a12251a9c85d81083a0dba9c0daaa7ce97821b532b02424913614804e995186e4103751e06b5b913f6726e31c4389932cb30122c6e49d88ee97d5d4e31853b018ce7c3ab4d27922e4fe4c72a51748db5fdb1c721c5bd85ccca0ee4633f9286fcb3560e59fda359de3f639682e338eca601493e40e704fa75f4a8bbabd333910394b24eea08ce8ed483867d4b822304614290080492411557bc821ba5057b59534970afda6b650da5a4b69a5df52b740094270186e08eaf4f839fd4e4e91c74f657514beec88633f143a947c4ab487f82a36eaff00374e8a477628e4047df6954ffe31f9d484f612cb6206bed668f4c913ff0079a4065c139d9d095c92480fb924126b2b229905c2f4ca46de18498131120eff00bd4d0079c86bcfcf17ca5f7fcaff00875e36b865c6d6e038f5f1159aa02372a720e0d7df13ba7963ecd0e86721350ea0b90b919f2ce7e5518f529aa7dfec4b153e3a26b8441addae0f423445e899cbb7f1b01f111a1f1a96ac6024698d96345c6e760aa3ccf8002b98f32fed0eee49a4b6e1b0855880ed2e67c2aa646727b4c2a0dfdfc93f66bb12b31e8e977f66b346f138ca3a953838383e47c08ea0f811503c22e98eb8263fda21215fef83fbb907a3819f20c1d7ddae6b6f63c52e8864e390b4c46d1a4ec01f805500fc429ac1c438871ae1d345717a0cd0c6749906865646c6a53228046e3235f423d4e6db48b3a17345bac925bab0e9da302362a40519046e0ef58e10c0618e48db3e7eb8f035824e2b15dbdb4b03068cc32b7a825a10011e0461b23d2b65980193b01b935e5ea9fbe8ebc3f498c5d81288c13aca17f902abfd5bf4a9cb2bbd7b1f6bfad735b6e225afe397dd72d10f456194fe645f9b55d01c6e3ad5e719e96693f293215654cc7c4b6d47ecb06ff0b03fe9564aad5f1d48fe655bfa1ab20abe91fd4573783dadee04f9b78c78a8d07e284a1ff2d46cef8527d2b73974f71d4fbb21fe60b27febaed8f6734894a5295a1514a528052954de6be6dbab2948fa12b5b6015b832b85e9de0fa216d041cfb440231bf80027b9aacfb6b3b88b19d7130c79ed9c7e951fcf1728914209dda74d3f9e0fe8dfef0715f83f6817122ea482d981fb33bb0fcc463fa547f1fe609eeadcdbbd9c03a3230b99328e9bc6c336fd411d33b8c8f1aa49a926acb24d3b223956666b995cfb2f955fc69a64901f5d33263cf0de556eaa87295e45224b672110dd76eb34321dd04bd9ac7d9b1ea356964390321c80738ab2477c34b99018de3fdea37543ebe6be2186c46f5c5af83f55c97474e092db46a71fb35b9436a7192f03303b770cca0eff00056fd2ba0738e62b1b978ce1842c14fd92c3483f2ce7e55ce78e4a229219f5623706076f05ed306273e81c633ff52ba6da98efec8a38eecb1b472007704828e323c41cefe62afa37eda29a85cd94d360891684500226951f05c0fe95ad6f029b1e0e063b4fa2961e7a0c71ebf96b31fe42a5eced5f78e4fde467439f323de03c986187a30a8bbfe1f1d926600cd34a4450c65d9bbc725110312123049621700004f857a4f97670c5d26a8b2f28b9367093e4c07e10ec13f9715af2f2f2fd22470a0c171198e64ce0820b3aba9f8b3671b8660c3c6a5384588b7822801c88a354c9f1d200cfcf19f9d6dd72be59d4b84536e381dd23b327d6a80069d414b8df75ce15641e20e15b57b4318ad286694dc429d8c817b44d7a918152181df230576f681232479d5febdac7d086e52a34f525547c491960546327a646707c0e3c7077ae51c7b85c4d72d12877b6b7955123077b8ba761ae490eda8eb70993b021ba0073d76dfda15cf396a305f87c9fde4cd2b93e72473c9bfa99187cf15d58d79309be91a3776a5da6b5b9882bc454101b23bca191d1f008f438041156de53be173034331d73427b2973ef8c651ced83a90827d750f0a85ba4ed7897106cf755a18c7c5610cdff009056d72c40d1ddde346a5dbe8d010a30096d7701773b7c7d0568f98d98a5b674885e19cbf05a5cddfd1d74a348ab8ce402ab960be4033118f0208e8063539bee1bb231a1c7b0653e48ce102fc5ce47c15fcaa66cad66d6c81198a92ac7490864275393295c120e7515cf78b800e9c98fe79b65b5821b70dae69e6334ac7de11ae361e0aace8aa3c81ea726bcfc38659351ba4bc9dd29a8e3a45325524774e1810ca7c9948653f22055f2d38a249d96363229603c88f694fa839ff09aa356d72f5c169623e1ac81f0c95cfcfafcebd4d769639a3b9f693fd7f66187238baf92f372c02313d029cfe5564e83e1555e24c9a555d9555dd5496200c672d927eea9ab0dcce081a4821b7c8dc63e23cebc6d22a4d9d399f2918efe704263705813f84105bf4a97e08379bfee03ff00f38c7fa555de5089a9865494888cff007d22c64fc83e7e5561e589cba927da2a85bf10d48e3e4508aed81cf226a94a56a505294a015ed794a0222ff95aca66d52da40cff006fb350ff00e3501bf5aa8f37f2b5b5bc6a6dda68a795c4718ed9d901c16666494b0d0a8acc718ce31904835d16b97f3b5dbdc5dcaa9b24012d55b3d669f12498cec7446a1cff00d9c7473512aab64aec83b7e032dc1d691c33a9d51f6f9689481b36b88824818db1a813f66a665e0f708812e80bb8b4940f1b15b94460432fd665664dfd8739ea464e0558b83a2c4891280a8aa401e0028007e83f4af2eb8942751595182292da5d4e00c939c1dba573c26a51b3592a6572cb8145759b3b7bc26dfb01db2bc59910b6da42b153113ed6183007d9000c0be72ff058ec959202e11883a598b00400a719dc0200db381818c550b9438876778d2c8c15666ec9812321d962646cf509abea8676d5803ad74faba497284934e9f835388582cac24cb24a069d687048f220e5580c9c6a071938c66b159f088e37ed0e649b1a7b49082c01ea170005071b85033819ce2b7e9536cad215e1619032327a0f138ebb57b543e73e1f1bdd832c6ad98d4c6cc0646866d414f50416076fb62a1ba348437ca8bed795ccd20d3ecc938f85c4e3ff005d48f2fcf28bb86359a560dacba3c8ce342a1df0e4918728323ed542926693d3ca2adb45f01c6f54be1f6081a4b29c7b04940760f116d51b291e2b90a48dc32676cad5ceb0ddd9a4a0075070720ee083e6186e0fc0d69096d39670dc8af9e1b1c087b31a572598b312493bb333b12493e24926a7794f87346b24ae30f3306c1eaa8a02a29f5eaf8f03211e158edf84c4843692ccbb8323c8f83e040762323cf19a916958f53579644d5148e2a762e24d4de83a7c7c4d70fe6ae33f4abc924193183d8c58ce34c7925bcbbcc49fc253d2bb45cc45d1943142ca4075c6a5c8c646a04647a822b9871ae4f9cdc241696d8b6822091bbba852ce754aecc4972cc7482429fddfc2ad82694ed979ae2914ebf9ca46cc065b0703cce3fd9f803529caf6d89625fb037fe15ffdeac373fb3e78e292496e2152372c7508e38d7bcc738c966200276014103da3509cb3756e882796795e5762a90db46a4e927b82491c3224840d454b023233d0d6d9b3c650928fc522b08d49597ce011c7712bab2abc71a9560ca0a92ddd1b1d8ec1c7ceb7aeb96787448f234104098ef48988703f1a15c7e75403cc73db8786da3485e572ecccddaba478d29b001108030a097c9d47a66a7397ac44b14571725a699beb03cc4b680d92ba55bba984233a40f1af3b1c542348da52dcec88e357211edc4125c0b07b88f5bce752bf66ddb7d50643311f57bbb305c74ce7356ce49e3d0cd75711c2c5a26cc91be308c468ed950fbda5a4d44ffd5c78544709e67b67e21f489a431db43198ede42add9bb39c4d21900c28c28552d804163533cefccb6b14305e25cc4cd14e8c81245632231d13aa85273f56e4f96554d6f1464d974a555387f3fdb4b2a45d95c47da38446922c2b311903662c3a1dc8c6d56bab10294a500a529406bf11bd58229267d9234676f82824ff004ae7f258345f438a403b52b3de4e7febccc83f20249141f25156de6cef243003bcf71127c554f6d28f9c70b0f9d42730be6fdc7d9b68bf9a49f3fe51586a5d62669895cd119cc1d9b5bc91cd20891e331eb3e05c103006e4e4f41b9a91839760beb1899ad92dae0c7dd65882346dd3a60131b63d838cab60e2a27895c8b7b9b6bb9175c51318d940cb2998a2248abef329eee06f8738f23d1cd63a7fa7f26993ea3994dca5f46b337170911bafa46b97196468a5710b444b0c95d0c180e9ac0ab470be246dc08e762d0aecb331cb28f0129f103fbcf2f6ba1633d796a92c6f148a1a3752ac0f882306b9d58f0064894dbb3452c571f45b968f41ed5436166d3206512619598e3382e37daba52b336f9b3a5ab0232370770452a8ad1ddf0c707b5596d18e0b32845463d3584d9031e92200b93de524eaab170fe65825032c2362700395d2c738eec80946f8039f302a1aa099315adc4787c73a68917233904120a9f30c37077fd48adaaf2a092b7ff09e0ed3b15fbc8a5bfc4a42ff002d48704e0115aea64d4d2be03cae72ec0741b001547d95006fd335294a51694e52e1b14a5285452bda817e3d248eeb696fdb2c64abcad208e3d4366556c31723a120601c8ce4115291164e48e141663800649f203735464e62ba84c5712abcb15eabf636ea83546fb35b26a0323b48ce5cb9c2b293b0af8bfe2b7975126868e15bc6ec618b4768e6320f6d31932000132cbddc1ee67dac0bd4110455419c280a33d7006054f43b39cfed0b87cabc3e49af6f9cbf7488234884065c831a052a5d9756f92dd067c2aa570d1e94ce63ece1926524b0532e142ee87c3513b900e31be4d765e3fc0adef62ec6e6312479d401241046704329041dcfe66b86adbc3135eac2434288e03a8d3ad118efb6067008c8c038c8eb4e5c5f3fee8b415ce898fa0a00b19662653991ceec576ed18e37ce9ee8c742cb8181b49f13b87b9ee37d5dbf4ec81ddc7948c3ddfb8bb799236acdc5f8620b7fa65acb23aae19958a9ee0fde2e1541c8073be4e546f835a66f631bf68983bfb4bd0f4f1aa34d7042a666518181b0e98ad0e21c263951c04457742bac20d433ebd6b7639036ea411e841fe95afc4a6d0aa738cc91aedf7a4553fd6aa8b1bfc1147ff50b007a76b21dfcc5bcd8f9e6badd720b13fdbac31d7e93fa7652e7f4aebf5b43a329f6294a55ca8a529407c4902b156650590965240254952a483e074b11f026a9bcc0845fb9f06b78b1fc324f9ff30abad5479d5744d04dee98e58c8f12c344a9fca92561a957899a62753457f98222d0ecda5d5d1d09191ad1d5d011e2095c1f4ad9e25ccfc4e32e05bda308a18e77649267fab919d752a95527023662bd7036c9ad5bc9b5fd19e20645673261464b22c32bf740ea700103c6beacb8c2da082eff007b6cf6e96aec84968fe8cd21590a81de8ca48092370307706b9f47c45a66b9fbe09fb2e6c59225ec239af1f48cbc3098e266c6e43cc42019f0d4c47a9a91e5de1ad141a66d26577925934eea1a591a42013d42ea0b9db3a73b56fd9dc2488ad190508054a904608db046d8c566aee4a8e76ec5407317092434b022b48da55e26d9250582e58856c10189d401c81820e0627ea2f8e5f3ae9820c7d266ce8246563518d72b0f10b9181ef3151b6e44b56414b92fe1b5778c4f2da18f660a4b40b800e91a83c2a70c3ba02b6e361b564ff8fda352c2582e17a8ee4d13301e4e15d189f0c0515634e190b28b04ef5bc5869f2726462758473ef3313da3e7a82a0e439a9cbcba58a3791ce12352c7d028c9dbe559b491756532d7f69b6cc40786640412aff5663600e352b17048f1f641c1f0a949f9f2c23d22598c65d75aeb8e4195eb9074e08f506a8fc76d2dd41ec209e398942bf5e8c8a0139c091c953a5980036dea5785701b2b8658825e463b3ec8ab3c38654d440628598101f1918c8d3bf4aa2945f4cb532db0f3659b0cace0818f724f1018755f10411e845619b9cecd582091ddc82c1521998e0753b260019dc9d879d638790f878c6ab712e0003b6779700000002462000000001b01503c3f86c36d6bc5eeede358d5d66588282174dbc6cb903c354bacedb631574acab745a6ce1fa5aacf28611ba868e20ec0056190ce174e5c861dd3a82e060e726a4e1b658e358e350a8a02aaa8c00074007957b691044451b055000f8002b2d6850af73115825b4ba2310c2cf148d8da38e54003103a2878e304f8039d80352777c5a3484ceb99a31b930e97c2f8b6c77006e719381b035baed804f8557f8a72ad84e0b34080b6ecd1fd5eb037c398f1ad7cc366aae364a7445def3d58dc412c682790c90902316f3e5848a42efa7480de0c481eb541e356fd82889c8fa44963147a478ba89119bcb036c9f251e9574b0bc49ef2e2680ebb7eca18d5d4770b4666d410f460038191b564e64b212c0cbb06cae9623a1d4307e1bee3c89aa71ba9f4691935ca23b94eed75e51b413b491fbadf780f03f0fcaa7e4b2b4d7d898628ddb2c988d06acfb44103739ea3af8fad72fb69cecc32aea707077561b119f8d4ec9c77b6884338dc6e922f5523a1c7978103e23a6fdd934fba56b94ffdf9325326eff95edf3de81158fbf18d0df274c1aae730f05b84556899a685244924570bad11183921c1191dde8413bf5a9ae05cdb8022baef2f4127523f10f1f88dfe3566be8a396111a69649d963ee90410ec03efe384d4d8fba6b9278658e54cba926b822395796ee24bc8ee668cc505bea28afb3c92152a0e9f045563d7049f4ae8f5e9af2a52a2add8a5295240a529402a1f9b78799ad9828cc9191220f12573a80f5642c9fc75315ed4356a9929d1cf3947834dfd86e622ad01fac7524868d9a278e554047790c8c5802415dc6e30066e3769125f6215d1a622f2019d05e67d8e9f643622627006758ce76aba5c4d1c1133b909146a598f8281927ff008ae7b2de36896e645c492132683d464058a33b9dc284538f7b3e75cba96a30dabb66d895cadf83ef976f8594f25bca4c71cb36ab73ff0024eb033183d11f56a3a4e01ce46f9cdf626c8dea9d7d66b71034520c89130479123623d41dc7c2a73976f0bdbc3237b4d1296fc581abe7ab22ba212b462d512e4f9f4a84e5c01c497afb1b8c1427dd8133d88e9b02099083d0ca7ca9cd726a852dd4e1aea45832339d2c0bcc411d0f648f83e78ac9cd5284b490740cbd9ede0adb391f04d47e557208de13c721861567d6d34ec6628a84b832e644563eca911e000c46c9505cdfc5e4b990c308ba110854b8891c9cbb363508c3103eaf6276eb56f1c0639208a39836a43af2aeca448410c728467da23076c785549aea78269e2b7656ed25487eb57242e421efae96c2977619cf53d6b3a6a57c51329c52e4d3bae07025af6cd78f2dc88d7b93c51329738c28062590aea3f68d6cf245f49f4a5591e13f56fd2368caae541c0321c92e10608e8ad5b5cc569359884a4d1b1698040f037b8ad282c56500feefc00eb5e598bbbc6967716ec4698f1aa451dd5d430087c6ef9c7deea715928b51b7157e0bef8eedbb8b6f31dfb416d24898ed34e98c1e864721221f3765ad2e2bc3445c2e6b65dc259c918f33889864fa93bfcea060e1ae93d95a493338d46e1d36ecc9886bd4a082ca3b691085d58c0e9b55e2e22d68c87a3295fcc63fd6b78aa28dd9f68d9008e8466bd2715adc31cb43131d898d491eba466b578bf1bb6b623b79555dbd9419691bf0c6b966f90ab106fb4c3c2b9f733243717d0db6a3222a48d710ab7d5a9c2f64640b8ef124e14e7cf1521c578b4b76bd84114d6f13635cefa51f478ac6818b2b374d4c1748cf8e2b270ee1f1409a21408be9d49f324ee4fa9dea9291648d844000000000c0036000e800ac17ea4c6e075d271f10323f5acd1c818654e457a0e197e38fcf6ae79ba57f6348ab656f8cf2e76d035d5b82d2c4ccb2a28c97427b48d940eaeb1c8a3cd9463a85154f4604020e41dc11d08aea7cb175d8dc340db063d98f4641aa2ff14440cf9a01d4d42f3ff28765aef2d97b84969a300f77c5a4400671e2ca07991e39f4b4ba855b598ce3c947abe7ecb784333b5d36446b948c78337477c7dd1dc07cd9c7856a707fd9f4d23299d91603b929265997a8d240c007ed641c1e95d42de058d551142a280aaa0600036000ad33e64d6d89548fba5295c8585294a014a5280509c6e7a52a3b8c583cca103284f1073bf967d3d2ab26d2b4ac94ad955e3bc44dec8aa9ff00d9c67567fbf707ba47fd253b83ef1c11dd1de8dbe532a33007b20446adf6e57ee8d1e62352d21236ca28192180b9da72f20cf6b8907d9c777e60f5a8fe604692e1571f570a77540f16f698f9614691f89fceb89c257ea64efc2fe4e8525f4c7f2cc22a392ca68599ad67d0198bb43228788b31cb118c3a12724e1b1924e2a46bc96408a5dba0f01ed313ecaa8f1627602b78dae8c99076bc62e269e199a1ecfb179a10092d03ca488cb0940d4980a546b400ebc035b7cc5c4657d09205015d1a5d2db2abcc91139207b8d29fe1ab1f2f70e3140aafed92cef8391ae462ef827dd0cc40f402ab3cc766248b89061b9063dbc4471768bfcd31ae8332739db5e8874872a660aca8fa58ea56541ed2e46b236cf97955664e1c9f45bb2f13191668b5a48fda3aa1309901d6ecb965c9d209243799c55a78b2174b6c927b29a3793baec7eac67a22939ce2a2eea0465bd1da2037134522ea0e3641113a815d8f70ae3c941f1db2941b7659355468da700496e12192268e25469026b284b12b1ab288df2b80ce356c4e46323350d697af1452bc0d7512096558d83078df4b308fbd3ebdcaa8c9c6763e1d6eeab1fd2fe9025057e8c21c61b5643ead5d3a62a0470848ad6dad4cb9ec6632b318880e49738009d8f7f4e77db3e38223d2a8ed4df04eee6e8d9bee26b0712692512482dac7bee8990badf323b01b000439c0dfae01c55ce5ba44c6b755cf4cb019fccd55797a707885c0607eb6da22091ed76724c24ebd71db27f8ab678370c8d2e2e97b34004c0ae9503bad1c6d8dbef135b14377854864b550ae47b71eb5c67b8ec99048233ddebeb50b7bc122b59229a1501e53d8b82599e4d8b8732312c5942b64b1390719d855b7b2030a000be951dc778419f0ca71246a7b307601f523649f0c84d07eebb79d435682236b5b89ce63864751970a748f36c6147cce2b2db4e2450ebd0f81ea08d8823c1810411e041ad3e3ed880b6f8468ddb1f6524477e9f754d60bb34364c5d95ccf07d9113afe068c47fe785ebeae3c3e3529ccd624bc5751f7b4028f8f189f0c1b03ae9600fe167a8b9c82b91d2a9a95ed65b13e51adc7e0efa382409405d43aac89df8987803d773e2a83c6ad5cb9c54dc4597004c87448a3a6a03391f75810c3d0e3a83500f189a06889c1c6c475041cab0f50403f2ad7e5bbb65955c8d2e7ea664f0c83b1dfec924a9f1573e6314864db252f0ff65a50b4d7945d6ced562411c63083385f0009ce07928ce00e80600d8566a52bb8e714a52805294a014a52805294a015ed794a02afcd1c4acec4249705c768e4008b9cf89d87ba3f3dea52cac2ddc24f1e1c32e637d8e15bec9f00462b5f9cb96d3885b342c74b8ef46f8ce871d0fc0f423c8f9e2b8e5b733def0c86e3873ae86e8a49de2d472e50f8ab02483e04e7cc545226cead0739d9b5e8b04676972575800c7ad412c9ab39c800ef8c64119cd60e33c4f8744f24535da248cc4c8872d8d4aab83a46ddd51b7ad45fec9f9385bc4b7932fd7c8b94047eed0f4d8f4661b9f2040f3aae7ed7f95e1b622ee32faee263ad4905012a589518ce49df727d31524179e117b0dcb7676dc4bb460b9d25222f81819d91491d3c3c6b5b8c731c36927652f1088483aa9b691c8fc5d948307d0d3f679c976d6c915e2991a692153976184ed154b050aa3f33935cdaed2d23e3170b780b5af6d2eac17c82c4907eac86d98e36f0a03adf06e24b723ea2eed653e2151c30f8c6652c3e75f7c6efa2b6402eeea18b5fb388c8638c6700bb13ea71e35c4f9a0f0e0e8dc34dc87d5ef6428f2d04fd6eace3ad4cfed456e3b0e1ad739fa41b67d79033a8143dec7bdb8cfae680e89c1c58cd3a490f1012ccb9d2a248bd961de5ecc28241c0eb93dd1d2ac12582a3bcc64d3a95436ac051a356f9f024301fc22b88f3870ee131c4af6572ed3f74f67bba7867be546961f13d3a0eb5b3cd3732dcf06b19ee0b33acef182d9efae96d2e73d5868d3abe3e7407644995bd99e23f0607fa1acc63651969102f991b7e7a85710e13ca3c365822925e290c523a82f11ecb284f50417c8f98ab0f39f058edf81c71c171dbc2b70ae1f2a54ab6b002e924690c41c64ee0d01763756292b3bdd5a82dedaf69180c7a024173dedba8c67c738189a82de1601d0232919565c104781046c6b88f2f72cf0b9ade392e38888656075c65e152a4123df19c6067e75d9796ac6082d628ad9f5c0abdc7d41b502492da97639249db6a8a049d7c08547455fc857dd2a40ad59b8744cda8a0d44e49e84900019c75d801f2adaa54349aa64a6d747b5e5295240a52940294a500a52940294a500a529402b8cfed930388db33634f649927a604af9cfa62bb3546717e5fb5ba646b8852468cf70b676ce32363b8d86c7236a0252b8bfed9b98629dd2d622c5edddfb4c8c2ea2aa1707c71bf878d767a8ae25cb36770c5e6b685dcec5ca0d471d32c37fd68089e4be6db3b858ad6090f6b1c2bdd6475d91554e091838f8d735e05c222bce35710dc2978cc97048d4ca72ae71de420feb5d67827285959c865b780248469d5a9d88077206b638071e1e559acf96ad62b992ee3882dc499d4f96f1c6ac293a4138df037a03e384f2a595b10d05b46ae3a3e3538fe37cb7eb5cebf6f4d86b43f765feb1d75ea8de35cbf6d79a05cc2b2f6672bab3b67af42320e0654e41c0da80ac702fd98d846a8ee8f33100fd6b6572467d850011e8d9ad0fdb7c38b2834ae116e0741b28ece403a6c0787e55d22b0de5aa4a8d14aa1e37186561904501c07838e0c123fa49bc32e9fac0ba3b30de38c77f157ee60b2b56e0120b03fd9c62552751395983499d7ded590c0e7a7c2ac7ff01f0dc69fa1c78fe2cff8b39fd6a5a2e1102c1f4558905be929d9e3bba5b3a87cf2493d72680e17cadc3784cb0e6f6ea586704e557d92bee907b26df1e0093b74aec5c8c6d05a2258c864810b2ea39d5a89d4da832a9072d9c606c4542dcfeca38737b2268ff0ca4ffe40d565e5de5f82c62315ba9552da98924966200c927d001f2a025294a500a52940294a500a52940294a500a52940294a500a52940294a500a52940294a500a52940294a500a52940294a500a52940294a500a52940294a500a529407ffd9),
(3, 'mustafaa', 'korangg5252005@gmail.com', '011-62640307', '$2y$10$nWRuevSzqXHq7GinvgNVNOnzP9I9BxTmHH4SCXYAI.uJxpGvNRMl.', 'user', NULL, 1, NULL, NULL, NULL),
(56, 'staff2', 'zzudin05@gmail.com', NULL, '$2y$10$4fJPdGSSXt5xyff2LDS68udgcg.QR3QXpqXyKSRfOtnRi5orHlH.W', 'staff', 'Afternoon', 0, NULL, NULL, NULL),
(60, 'staff3', 'muhammadizzuddinfarhan@graduate.utm.my', NULL, '$2y$10$e7hbGLedUoXE1z9agwvkQOFk.4PdwDuARybNFHyfZIQ2K9M82/w7C', 'staff', 'Night', 0, NULL, NULL, NULL);
INSERT INTO `users` (`id`, `username`, `email`, `phone`, `password`, `usertype`, `shift`, `verified`, `verify_token`, `reset_token`, `profile_picture`) VALUES
(63, 'farysh', 'muhammadfaryshfarhan2012@gmail.com', '999', '$2y$10$ODArj5slPxJgWuWphlX8IuXvlqb7yBLAKLkpwG3Gu0UJ9goc.EVxG', 'user', NULL, 1, NULL, NULL, 0x89504e470d0a1a0a0000000d49484452000000ce000000d30806000000c9572c81000000017352474200aece1ce90000000467414d410000b18f0bfc6105000000097048597300000ec300000ec301c76fa8640000867149444154785eedbd07b864d955dfbb2a9dca55f7de8e937a34d248a3001a21102010028cc0c224638cb18dc1060cb679e6c3d89f3ffcf0c3fefc6c8c3f07c0241b30d844e584221a59a09c46a3c9339a9cba7b3add54f19c3a55f5febf75cebe53d3748f9e87e7c70db5bad73da14ed8679ff5df2becb5f729cc45b6a4252de97f898af972494b5ad2ff022d81b3a4253d0b5a026749cf8ae2f1d46ca61519fab3746ae3f1d8a6da9188fbf391f64f6c3e9ffabe5e3cb2d174a275d3714976de1ea7a58fb3a46747087f412ce949d38995a38a5667be9be56d1ff9b84d0b45fbf2577d954d744ca150d0e13a613ab752514bceddc3b4d4384b7a56b4d3dc4a820aa54c8c46c3a195b42ca4a9bde7adefb05b3efe2901c5aca2834a39528aa582cdf73868a0257096f4ac6832c1f0caa854125c04a48a340c40b9efd63b059a4f5a75ceb67e40e3e838846d1f58694e4be02ce95951b128d1111a503cae7ca4822a51cd261b5bf647d2364932b157bce215d871fcea84969acefce83d4f4be02ce95951b95cb0a9b4490606a919f930a893db3ef169fbd84d1fb4e7bdf806fba257bc3c93b00030d4ce547ed03e503b4be02ce9595349feca44282814f16ccc06e7ced97bdef14eeb9d5db72f7dd52bcd9a359b57cb96cc89ad655404604f59797b9696c059d2b3a26434f165390f0c400f7efe3efbf8873e62dd56dbae93c699021801653a9f65e69ca8a4e3c1ce5ea7257096f4ac286aea4f3ab17922488cc589d91fbef35d16ad54ad7555c76e7cd997657d3632e7eaa58a9575b847dc30db0a7b5fe52c81b3a467494240b964e562c14af2776efff467edaedb6eb7d54ed7aaa572d66fb31f54cb6568099c253d2b1a4ee23c9a26eda195b7beeef72dee6dd93c9ed889abaff5a81bbc5fc1b304ce929e159115e0d134699ccfdef4017be0f6db6cb5deb241bf6f37dc708395cb65efdfb91470f6039896c059d2b3a26ab9eed900e33367ed2dbfff7b76a4ddb2a2808496593b7acc81e37d3d17d17ec9f05a026749cf8a2ae2c2bc68ef79f35b6cf3f1c7ad24d3ad269fa7502959fbd0a1a5c659d2922e458599d9c3b7de611f7edffbad512a5a7f634360295aadd9b42b9e7b6d7ed45384a6d94ff9c44be02ce9d911018137bcc9d2786c9b17ce5ba356b5cdde961d3a76c48e9fb8263f28a3009a257096b4ef2916675966522d53f1443c8eeddce6791b6bdf03efb9c9ce7fe8d356d8ecd9e4e88af53b752b0e66f625d7df68ebc5a70304d36c31cab634d596b4af894e4b1b671902c93cb169ad624756566cbab5696f7edd1b6c381e669a249dda64c44036b317bef84559b6f43ea725709674499acea56f48302b55bccb7f1295a585d03e73fbccebdf6977df729b45d5aa03279accad984c3d89f3ba1baeb7d97ec8e2fc02b404ce922e495141fa06f94f124b2663996d028774cae39fb9d9fee4775e6fc7da2b568daa364926564be7d629556df5e8615bbdf2b8fc9d4676917d4c4be02ce992e4c69634c8767fdba24a64d3d1b64dce9cb50fbffead969e3e679d6264c3e1c08f2d8f526bcc8af6c22f7e89958fac4aa8f6bf582d81b3a44b5241fe7d7f3cb2c6b1a3bebd3629db3d6f7aaf9dfdec5d76a4ddb0785d409a4c6c7575551a47165c7f68cf7be10d8eb88320544be02ce9d2244f7f6b96d840f6da5ce69addfbb83dface0f597798cd5e539d15ac2a1fa75eaf5ba72c5f679cdab12baff000014183fd4e4be02ce9d294ccacd5eeda791b5a613ab74fbef1ed563bdbb37a32b5519a58a7d1b442a964a3d1c86ae5c8ea958aad1e5a73e094f3816dfb9996c039a8349dd9781adbb69c7e3c1504deffc8ec9af427366e14ad9cc8fc9a94ecfcdbdf67f7bfeb7d568b87569d4ead2db1e92567ed79e5a2bdc0ca56d4fec3c5aa159e7f9545db532b697dbfd3123807958886152b26bd61c4c04a44d0e8b72c68e11d38736b96229bdefd807de42defb2a32babb635ecd944c86a556b568dca824cc1e6026049c746e58a55a475ccf3d3387f7fd312380796f4ead38295a4610aa408c4934c1a6465cdabd236a89ff59e7de2b7de64dbb7de6bc9f6b6555a351b0b70cd42d93a51dd229d5014702a32cdea0253ad1699360e84542d817340695eafd854be8aa502c87c6633a99ccdf166367d6d616ee5c1d06e7ffd5bece1f77dc8ae48cb024ecf8ab5b255aa3a6f185bb752b59a345459a65b542c5aa31a490b0938a2a5c659d2be25e25e691909978d26d32c898a5668542d2a14ad2a6df3c84d1fb24fbff1ed76bc54955f93da6aa765e3d1c0aa1581633e7533ae329b65c0d155aaf2772a4c6d4b144e7ff73b2d81734009ebac0c082269900293a5839fa24532c54637df6d9ffb8dd75b5da65ab75db762bd6c7369a576a566fdcd4d6b753bae6d2ac25c299dfb0c9e257196fdbcffd36da025700e2895a7732b114513cbc5976b33b3a678f0c93bedbedf79a7cd6f79c08ecb1c3b335ab7b41dc9b7195ba71c59816040adaa73a7564c532b0950592c616a3369a683424be01c50229a66243e0b38c579c123635b8f3d610ffdc9a7ecdeb7dd64cfaf752dd9e8592f1edbb9b8679dd5ae6d9d5bb7ab8e1fb7413cb202899c33014e4a06212a687d2a301d145a0267bfd2584efe6c2238243690c33f124af8760d736aba49152c2a596bdb85b98d4f3d610ffce2efda23bffd065baba676a19958bb56b16ba6555b4daab63e4e6db0d6b69e00529f146d3b9959bd18d9d5e58625d5b935aa659b8d63dbc2fa3b008a67099cfd4a12fa9977ca94ac59200256b4e27862a55951da41fbe3995da84e6dab38b3cef99e3df9f36fb533effd84556b359baeb4727fe5e91406a1e1cf948a45efb7017f656dcf92d4aa8592fb49dc76bfd31238fb946289f0acc8c480259963024b2aa12e55b3ec00497b3f4a6c2e104c9e78dc1efa77bf65b3777edad6884497004136786dd1cdd7159c99d986f99f49aba94455dd43bf319b4d9c5a59269f6366099c25ed55427661e60b74b0c8689b1665b855661657644e4505ab3ff4903df673bf678fbde9fdfa7962ad6b8ef8ec34d5fe44eecb53730494d0340247192d23c04402a347d22a25012703516194988d261e2860a4f57ea72570f62945125ea6684688e7f23bd24ac18685589ecedc52fd8b6ebfc71efcf7bf65e39b3e69dda31d5b6f995db870c1eaa940d26cfc29530d4d8319865916a16db48ec567020fa02a49e3d8fa368907365d6a9c25ed599202c0822a48bb487f48ec536b4be09b5bdb76ee139fb6bb7fe6d76c7af35db2c762dbac4f2d2d4fadb239b0f1e6b66d0a7580227465ee9869681cadc16c27696af37249ebf273e2a9f54e9d73e0ec874f157e215a02679f523ac387a1a37366c96c64a5646c76f2826dbee583f6d0cffdae3df6a99b6576cd6466cd6c7cf29455514d2b4debcf52abf718737391c691b90658d03a04078ab3b98de3d80a020e54d6e9db4f9e93c527301d00a95a02679f52b91149e94c3d9bb9562cdbfabd0fd8cdbff2dfed8edf7ca31dbbe394b59e7fdc1ed93a6de58d9edd5858b1b43fb0fba2be150fb7ed85c3fad3b4c64e340dcd932fa1493a71330d90d19f3390b6e2d3ed0740e12c3fd7be6b695b0e4a43adb9fe27b9e6c0f1a67d2fcc53b5f8725cd8afd7e7a65809bf23fb9d80c0502b4de642bbe7948ddff647f6d0873e62fdf57336ad4a5394e756df7e6a9240989969e0200ea39200004874dd309dad2f0904687fbf2630c9b4ab8da676e6ca965db55eb01b9eff52ebbceea775ef9235f6799bbc04ce6e25de8a8011c713ab568144be0f934aa6d24eb3ce3e7f85539bf369c18240a0adda03e7ecd4073f629fffa33fb1c9fd8f592b9d59518099546736a914ac31783a681697702ce005e004f689d431d3a465ce4f47d6990190929d5aa9d8f12df6d7ede5efff251b743ad65c0267497f1e2437ddaad231dea10812085549f8410aafac302dc9a19fdba08e0b5fb09a8053dbd8b6f4de472d79ecb43df1faf7dae0fc869504bc4eb56ec924b62737ceda7036b1a8dbb086ce0f20b9147026ba6d987d3300c7d7738db3394dac5d28f960b893f5a95d99d6edb1c7ceda37bfffd72d79c1096babf4fb99f677b3b087a9a2963c9570c64c7c214196476e562fd9b85ab475196e69bb68719d173897904eac76eaaccd3ff049bbf0ab6fb007ffaf5fb6c25df7dae1dec08e4765ab576656d37947d7d6ec586b45e695a026cd145878f853db800480c08b1480d5ad366d9acaeca393689ca844da2fac8c1e785465f78ea37d4d4b8db36b69222d913866a28811324577f6f162981a3096c8aed1c1ffc879b38fdc62a7ffe747ecdce7efb7a2fc9f76bb698d24b1924cbcc124b50bbd6d9bcadbef34da56d172dc1f594f261bc4eb47d32c6a1bdf27b30c0a005a5c42b566c7b637d6add0adcb9c8cbdcfc88a913df7db5f63cff9e73fa00d3e12ba7f69099c5d4a93ed81553a75874aaabfc08531fe6eae9ddb30bbeb113b75f3adf6e8473e65f6c4793b2673acbdd2b0d13cb60ba3be4cb4c49a8da645b5485a2bb5517fe89f19c4fcab5722db2800ca1c249730d5d29dd19c99d65964df5faed9381e5af9a8c038886d7d73cb3aad356b5e71cc5efa9bffc26ced0a3f6ebfd21238bb958498b91cf45e3ab17432b0b54876d92035fbd0a7edb677bddfd20f7cda4acd9a15e5af945b352bcb94c39f29f4132b4a034c57da361a0c3defac56a958b52c036a3a95f9477c4e97d77a00c9fc12c019337f806807280ba081e269519ab06ca36ec98e8dcc36c67d99689115b62676f5affc985df94ddf921fb93f69e9e3ec56928c8e049e9204be53efd8f4e493f6d06ffc9eddf9ebafb7c3b73e616bd71eb1cea196b52b256b25536be9e0665ab0861cf66ab96ae3cd9195e38235e7024d2a04ea18bed9399609d897a1970d40438b31884dc69fb633ad96f1d3b44bbe0450810059b154b2dea06f4569c1d57657e69a74a3b4e103b7de991fb57f69a971fe9c68280166d465557fdd1ea3bb7d26934a325a94295595afb259887d2699c6dd0fd9c99f7f9d8d3e769b953b55dbea6adf54e7413309b9de203df90c2643c4fd8d4ea47db4edaf574bd72662f641091fbe15696f967326d2d1ae8da0ed06e1898245f28922958d1c35fc1bc2d1f322e9369c2fdfc8cfc9b4d7d4334a799ca9bdf2bffebc6dbee2851e5babf72a9644334baa456be90652563cf59ea6a5c6f973a2c6a460d519fd33451b4f271e269ecbafc0ffb0d1d8ce4d07b6322f5bedb3f7db1dffedadf6a81cffa140336994ad5393e30d007256ebe782eb18d136eb8bdf76623bc786d3c5db1c0b68029135407a8d670a8883f601a0fe3b375aa0b03f682684eae4a76eb36e0e2ca9301fae10c0c260babd4e4be0fc7911bdfaae658af241ea56951f92c8d461d20cabd7ac5e2e5bfca93bedcc7f7f97cd3f7e8f35b53d3fdeb2b4195993c16853690f6789bc98efd6a051d02cc1578116853d80897dfe3b00caf741883382eec70a0480c659c7ec5c47ff002afba14580063002a093377dc20a8f9c0233362e91d36616514ed1de87cd12387f6e1437229bc8af983211a0fe333293444abe4443df48fdf607edeedf7f879dbff90ebb7a65d55aad46a609a451b64e9db5422a21047c6412c86c9ac9d9c7e10734f8322ee8b9f641a05dab0016b49488993b5de8b5cff78b1c343a98bed6aa4403337147eb70407e7e381e7009253b09a0107fb9777cd7fd76fe839fd675a616936dadfd4cf0b15f68099c3f278ab77a562c176d5aafd83092d35e48e447ccad33995bf7dc969dfc85d7d9e4ae07add8954f534b6d7de382cdcf6e5a454efff0fc86802370e40c689ec6da1700e31c002481e685a331e00022288061aa25008a0419fc1a861010060764017cb08345db195cb2eb060d85c669cac77ae4bd7f62b615fb15dc7be2163a21eb21dadbb404ce9f1375a2b65ae099f5d26d3b9f6e59a128c1daee5bfa9e0fdbbdffe6bf58e173f7db15d5ba5aeba93dba75d6aa12c68efca2f9d6c03a6babae6530d500894d04140084b601385a22d00e961c1c8026f84261db855dcbb02f681c82058cf00ca0f121d1d9213bc08100081a29d747990613716c65ad6efddbee35bbe56eab49a51674f55999ebcf7c08c25e27d5655e0b4bfaff97a6f2662478985a2339fef77ee02376eae3b758f5d48675a7457b4ea366a3a860e793ace3f268b96695516aa324b672b36e93dec82f83b0c3680a37b3bc59173099032dd7344c8c0e68005430b5d8c779a9d083699648ea993f801c35ae73a4be9a6919fc12ce15736d9248f9bd528ab45b20d53e96fce625f1e3f44fa668f5d19e1dfb1bdf62c77ffa872c6d75f46bc1e27462ed6955b6e0de6eb3f776e9f7303d562a48582736f8e067ecf19f7fa3456ffcb8bd6ca3602f3c7ccca2d59a9d2c8ded5c6fd38e55ea764da569db4f9cb1c17864b56ecbce6fcb5493800a090e841d302c70d03481d8b748613b68122828027e5b8ca841d9dfa796cf4400ae5799dad166db9ef8ec1dda18aa8819b818fce6bed91ea7a5c6f93312d51726e2f37e8e3c976b2421298d538b986256bbfadac6a469ebb7c2587f661bb6f1de3fb6fbdef6416bac0fac2b8d32180f6c341efa10e5fa307693899968e485bbc914694755b722df2cde3eab2b168d29cca632ab521d87419497c446d5994faa51a343147f45b25ac84d3acf2068cead2c01e64b0563994fc34ad1fb598a85b2070566c3240b219704a130a440ccbea2ca93e67e14a065724234986b27c02c4a57e6766134b46b1f2fdab19ff951dbfaa16fb5ee4ce5d1d5bdd05962c29ea5a5c6f933526877689943eb0cd513b5d8b58a6daaf91d4f62eb8ea6d619e0cca73696b37fe11d37d9c94fdd6195edb135050be4a822418e04b6da60e2232ae512f8120e5a25958a6062c1924cb1c5747fee1d4667e24f10350b3e0d269ab3a046ab0f8572ef2cf3a2b3400b31738d0f93d60feebb701c0d04e04ba6960c4736198d6571263b0dc7bc2c50a9a180e358ad432260aed6edb14f7cd656e2918da6b418a2bddefb295a02e7595210489601348bc091672ddf64662b722018d4359d0c248df26bce9db7fb7ee3f7edf36fbec9e23b1eb696fc16be3763496aa564621d016e6d3cb708cd2266b69a126697ee834701686269885224e088c3e84ca66dc2892fe9b8a2d8a7a6d5b9946f3a9f491bcdb2d47f15114d16fc1f288006d3cc0302d260ed6add9ad59a77c8d64a954c6be520e25cd26c60340dcc3de0582619654c068935e625eb374b76fe937758e993f759b1424fa814ce3e00ced2547b96944a73408ba059040e19ffcce66fbdbefe0801f3d89ef8e467ecdc7b3e6aed47d66dbcddb756b96a4d698e749eda8020c07862ddc95cce73d1b65cfc24f4baa48f61cb9d728200d0610938af0ef0a66af1a7329310dc00e6582615447a0c8406cac024a06b392d4f5cf041d1586848aa659b46985202c9bc682b5143f777bc7a39f8c732dba77b4db2093d280fa0e477ef971243b369626b95869d2b4fad71726447ffe6b7d8553ff7e33a5926a980b9d7071d2c35ce9f912e051a88c961471381a666d6bff56efbec3ff90fb6f19fde606b8f5fb0739b4fdae156d7561a752b486847e958664caa9658821909107cab46028b99846f521228107242cf006342344bbfc1f839745316754245428cc9e7669fb0ea0102b4c16ceae720d841eba02530ff7ce2416da385d038dc93e972a7987602245f204805123ecd3e891371ecfc85a821d094d47a00a366b9649b1ffb9cd90327b5039371efd352e33c4b42802f060cfb028fcb236b9fedd9f9777cd44ebfe503d63cb365ad4624d3a560fd86d9a11982a56393d873d5c81800069ee12c65369d689bd65ed7e2153118602c9e0868f8292b8207fb69f90a1270b9f3a02133a5c4235d8763fd1c997608eb4edf0c809b8db2741d6dc751c19248269fccbe56a16a2d69bcc144be4b2e1a6811eee51a27df57921f03a1d1bc0ef225bfb22c9316b4d1b3f1e1aacd37fa32291b76f447bfc78efcfdefb3811a86e61e7774961ae7595270c8170921a7654ee43077ee7cc83ef32fffb33df65fdf60cf9f566cedd8aa9d2fa7de0f726812c9341bfb403066c06c08404d9968aca793582091e9a54ba30920340742ee7e05a15c698bb1ee11e79ac09d731d0320ca2a53458c59e6c0509952180061ca49f0fdba3a7e110c08bccf09ad1f0117d9d30026d59263bc3c1406d34f3c2b0baa62a26c1e7d132861265e272a473755a558b15a7f625b2d5db352b433effaa8d999b3564954de3d4e4be0fc7f48000721869ffcfe7f6b47ee3e699d6b0ed963edd4ceaa85f770b29cff14819636c0efc02c6acd4a5617708a848027538f68219c013892f0cc2117b34ed837d671a9fc2cee15b412877b80406f15cd03733c821f4012aec9f622854680bf80ae2447deb91a59398a2caa55addc900754cf389299c9d28314a54c7b14302713793ce2f128b6665d7e92b44ddc2adb4c171ddff588ad9f3ce5f5b0d76969aa5d86a8141c7c42006339ea0853ab2021a1b1c4eec147c0992074a5a337e723ab486314defb597bfcdffd81455d994d68255a6409253e459a0bd55c02b6d25991c0cbe3904986b936131030b9b4532f6566837a25cb451bcb9f4898474dbf810812bde4336c69b70f3c730da3a2a065000c269310531866fd2c802ad5f5c632e3c62a2b11b9898e3f5ce866c0d36f08be7f6e1dc0aa9c339529695777c0445e1aeb7a125f620a4632eba0708f005e96d00581fcd820b1f5c9866d5c53b3c2606a87fb55bbf0826bec6bfef0572c29b73d62e8158c166d4acbe97668eb6645cf9edf7bb7d252e35c86667284230988dc115b1542ea24310f47967aff446cbd9aaa4ea60908c3555e19ce2c79dd1fdb677efe7fd8a021932a37e51032cc22d835404e13464b021448c732ed929b41221744fde6269aae11fa6b5877e114a07494833b5c92fd307d3745ecaa4b106509fce478db36d52024b592cd9af243ea914dca051bca4c1c489a0146c50155765055cb91738d4176d23213958fb9a361d63107c312f667615e69a1b9280d83b6a413772e4d3479f8a46bb64cbdc15ad17f84917bed76d0404be05c864a8c95f1d47dbd537134971049b88bb5c8a612b45312af61fe7eab6737ecb1df7abbdd2f7fe6ea58423d193a70bc85d62530ad48c85c1c81c9cc30b4f8582d0e8c4a060e1a610fe9e63df35cc77bed6536b1ee20e437302b24627a112903460e349519ceeef21479c7a876b24457f4ab024954b01126d43cb5215351115cd0f3d53a2dabd27703cb4f894a1988ca020265a43cf144a04be5cf2d308d013e114b9e63ae672a0a6cc544a011987dcee9c1c8ce7ee636d7e0481ff9713395854d3014e58dc76e27157b4997a448af11f348c2edc22a8129cade4f25bcf47f5f694d1bcf8666dbb19dfc9537d93dbffc3aab48104b2b557b41b3bbd36a7abf89cc304993332334d12863996cae750013ad329397ebdaaea5609973eed700406fb9338de31901fa8d390332711364742b226de09cc67e0678b87f7e2d07b08edc190a00734d81d14d341dc17571ea9b95aa751b2d3dbe1a0a4082af25004f057cb4cb588021d174c4523c1660623d074c4001f62004010eea4ce0aba4babe80e3e5ef8fecc2276eb5229f5ad45144fe482c0568b2225d85f20cbb9d96c0b90c3194996fca584ded334b5eb08b034231b3f674626ba7fa76db4ffd473bfbce0fdbb56b876c5ba6cfa4419b8e4023086af9e59f90dd3c1b4f6c2ab0d027c24c3313f937134948f00d20fc13408250d32207d32e74623aa0b4e4b748e79491300f35cb44d22fae20a5ddf4ffa9c0424e7e2ed7d4719e012010d7d5dc932377b4d6b12bc4ab95bad5a5cacafa8d3251b644e61760e9c743db1af66da3b76d17b665e4a9fc8b8c8e5964cef74c6a01a73c2d4b9b943c13bb90caccbdfd5e4b9f3ceffe14c1f54c3fa9cc342e5a8d5567bb9d96c0b90c216833996638ac7141c223e1a06546d8e8d99fdc7abb3dfaaf7fd99a1fbdcb26e3be25876af69c2baeb0d1d92ddb6c145de8a698628045fe524a5ed758c092f30b7824597e0ca60d43a6f10fc0892754ca39c62cc4b481d04aa12fc50797e9b7bad051d536b3d3400400f0b5187a1da3e5004ace3e0c5a17f7881be0110318527d6a93b945c9d4cad262248fa27974591b0a2c0369966132b681fcba5e3c120fa56087b6299ea059c4dc9792c3989d80dc59651ef9330988f4e9144a3ed93b5f759b9e7ed236ef7a20d3e63a424fef825800edbaf754e5ddedb404ce65a82ea1a28b4fefd112d9fe3599341e663b3bb0c1c7eeb03b7ee1376cfdb39fb3f178d38e3ce7b8deb65eff7adf9e77f575b6be3572c79f4ce47422734c80990a3c097e4ddef78270d1de92658c09e461656d9764b645024e457e0542e6e0d2ef0829c0014cf81c55a997aac0435a0ffba76add49cb19eb1a632d5d8817e40f6dc3a62fc58d6acd97b1003d180cf41c631f2b436060209f87699f7a433dab4caaa1b4040d87e7a0c9a29cca99e75e647d079e695f60923d79f6585a798a86535dced52090da538c04e0616ca79942aa379200ea9ab34447e941080baa90e52adeceeea625702e4723193f12cc995ebeb7fc34ec02ce931ffc84bdf53ffc176b7ceaf396d6e6d63fd1b6c9a067d7165b56af37edc153a76c6d56cd344e0e1ed73c849d7306086802041e3385e33c1225f2689c4c35fa7230aba09d6be978cee337b48dfb3b205b4420cd83042a2a66dbc5c47910d7c4d7194e6277f0f147e612d87924875f82bd998cecc9fe4606181d334a057881d63b40f96ca18e2380b048e1da2c03e317fa17db54ce6291e4ce925f9ff30bbade85871f935a1baa3c2ab38e73ca9f25ab89dd4dcb7e9ccbd0403c550bdc51733aaf628ac4d6ffed77dbcd3ffd0b76c5f5574bfcaa6e8e94c4680866a1215f6c267f86fe9a1e1d3e0403a469e6681cedf33e12490715de6ab6ad50add8ac56b5547235978aa8cc4bd62a54ac2ebfa0b8f9a4b7dca95aea81fcade128f66b10ddab48080f8d744d8184b13444c6463b7d3459a46daae36a92f6ba980e4742c1680a42ce2caf8b0e7972e8689ad8508dc3488c0f871f82b6da94b67110e858cc47a269ee7f0964ec6f8c32f1de01cb426003524db849e8010e2db9265a6a22654230a0f6e4d80effce3fb3c3af7d8dd546f891d2e839620651ea432d7633e9119674299aa8b5ed4c25d815b59202c7d67f7fafddfc9b6fb6951baeb5e270ea7e4308cde277a01542122684909320399770d2fa728c1f8fff423f88cc3f42b8712adfc79d626910fc152d09379bb40a60426331e08c5967f06d48041d1565da11b450eb5dd1f5ea6ad19b84cbd5701765c2a572ae1d00127a34987fec56e61df70734b4fc5bbaefe6746cdb32c3fa62c2d1436917020168a28a405d267f0dd00008da5795854007ecfd457a4e18a8b0edc7e8f97d09f12c39eda4fa8868ab6baab78d3b1ed073e9b74a2e867e419e75f7535ee2255d4c2b2599230cbc923971f66d37d9c9fff64e5b3b37746d105a56e663ae56ab2e5c0006df25eb9c14a9059f0b18450187395e30df2bd22055b5da15993c89b4c86832b6f16894651bcb5c2109816964f183126906344041208892996b0f0080e00f65a30daafa3d12980488b6bcb1ce5ccb99c043ea8e1c7dfc11d73ef2a5281f00e2d3eacc2d80763a5f486c43476deb2ebdb9ca229dca3938fb987c250112f6f13e042424f56581b2a2b2f0a15c3a6cfd2353b0a00363368665e8af8204b7a781060d541328d73ffa392b6cf65c0b3a491bf5a5a9f7c2641e4be05c8ef482371b66173e768b9dfbd5b7eb8d6edbf1ebaeb6d640da43be4cd02015348e8488d615ed403f0d95ca77376b9204921e31933c048c2ce9ba08157e837722ca299fc663d76a45b416fe44a2fd72a865d9d90c41959527774af7910692c6894b1317f8a19c784c3f84ba2e8d4394ac2560c38491537c2b5d3344e508721064a0cfa52f78f40b5367c08486f2b0b710ce73d130a0698824f20c0c646be8fa8da2cc5271950c0231fd40de17e49da4595db87f0678f4b8681acc348043b635a022b257905939bdf311dbbef53e37eb20f7d3742fb74177392d8173191a17132bac6fd8836f7a8fd51f7bd2ba873bf6c864c3e6cdaa552799c6a175a5d7c63b16c3b65e3e4b84979cabaa04b142ab8f1986e9262d349549241b4e52457e9af623e00291f7ef48538da7b160c1c0305aeb2c888010bae672a008c78489654eba933fcb9ceb48606d45351f84568da5ad64e21129ebcb0ceb4bc311f64623a2911cb484c6756f0f3ca81c001a9023d8e5a9d655341a88aaae5b8faad6acd5adab46a35b6b5aa35673ae4be3d6647ac2cc469aa5e810005043a27243801b867c9f7e8ba5f15afdb19dfc934faa51d03e4922414b6a11736fb7d3123897a1a25abe477fe54d96dcf980cd0fd7ad28b36a2213e7c174dbea5b0295deb50f1946e8f4e25dfb4870687501554dad2ead34ad35ad3660728d23a17101d539de92eb587aece712ea18d34d828ed934d1b549c6c48ce17b9c3e1e5402d510de3a335d4fa020d48d8fb2398b5d03d15023e4f4d1ac4da581d48423b04369955e210b2773af959934c338b57232b548008b24b155618f2002d9da75951bad827681ebe5c8330a9a02659de1d4f5ba4f04c27305f63e22c9fb0e830530a2fbbbb611b31e344eccc850996be73f76abd963ebae9ec04f5d55443ad16ea725702e43d18367ece1b77cc05625a471736e1bf1b63daf7bc81a7d69855ae40200681870068070dc497e0c3e015aa4204d405633da86e403be6113c9bfa94480aa683581ad21814423710d8205238120969d9f4aa819e139d1f17cbe7084692370d5a42d0ee59ff3d0253debf982ceb9301b5b6f264da6eb305fc195c586754aba8bee31acc855a3534ad76a97ab76acd4b043c59af39a4076a852b7556991b57acb56c4ab8db6ad4a6bc1dda86e2d95117fce73e6f2c81a9a8b327b40444c3d0426aae80d0b4810a13f00cd0ea9e198f145ed66c5d2874edbf4967b1d5c9ee52d000f59d9e5b404ce6568f28e4fc83ca9b8a0b6e4586f083cf5cd91bdb27d8dc5c757b283a4013075101004d4052bf70f1893effd37122ac4807dfc8e56c237a095261a5623bd4640439b60a61110c0a9f7d0b5f633580cad434e17fe4a55fb19bf8326a08394637bf2577a32c5063201290fa6d86ab9ee20211f2dad146d2af6119ea5c856049423f5b61d6d74ec48b36387c487c5475a5d3bdceeda5aab636d699696ccb3ba1a037c18f7e34438faceb90f05fbb0ea8b388006402c822644dce6d592a59180c26715ef7bdcc1e570199301b1fb81a3e7c89fe4a0d1d648364fdd339c27c354e60d9d29da5f1edbe974c31ef99a7fe033bcb4aa7537a930af105c1c685adcb57acdfa43e6411bfb802f066de10fa4c3b1c5a391a51264c0207b4a37c09c931ad0b90ce8f26be89e7c7cd6b38975ed54fb10f099804578b634abc967c9b5929ab7ba5e5345c02a48280924a40210f9741bcc57c03d4438ef2b85dcbc926d34d623f5d47a6fcb299aa0d5740d4f7f91ff72acd2f4481b4026f51f607b02aa00c173a632a3381e661b76306bc9be31cf91ff7e31eb8f845fcf2be2ba81c336d415b81f6feaf936a6d63e7695bdf84dffc906270e199f262d08a474ffee663ab81aa75bf5b06f4defb7d5287b3a888facc218ffec4332abe407084c6803cf50ce5f7e160c500b2e0163dbc3bc12a6c56d640701f4044f31e60b396bdeb703d317a28368c4bd1f464e76ad96994342859b40ba607e5d9da77532a949e0f47031bfe7e47d2c62ae37d36f0c0d00501e29e35831010826fca8c887f1e89880e5cf2176275e4cf6331137a27da4d7f8f5747fcfa5c3849c24d64b640e8ab79391cfc81913fd531dc213b48fca49048f2c08ca1438d0e23a6d145a99fa1a0e8766274f7bff8d36f7041d58e0108e4528a800dac6c4a7bad4dae367edec1b6ef21938116ac08326e1a507f0c0e49df1d2431f0e268b1fa36d84ce9d67ad334186775e6ac9d7cd105ec2c70e1c9d8fcf53c3249476234f0dc71a2d05583cd226e14240995f80c0412201071c98407e3f00a0ebb08ebf43f46c93ce4c3d154106ca25c9b7ca64eedfd52133a15ba9f933712ee540e0fde35632f5063a974c05226e44de467ace21c3080498fe44a0214b5ac0613c11bc18990bda88b26046c2003b2ca9ebc053ca2cad5390461c0d7b76faf6bbacace753ed66a8dae5746081437a4b452d7ddf07468fad2d20d9a9f376eeedefb7dea7ef9630575d98117e0401b703a7d63306f472111808e0d05abb808a0003c73709d7ca4f68d4eaae519af2376ae5c81a44a818dce5358f669156c13799c4ae9d743117a8d9349640276ac963f90c32c700907e1b4a3847420d7e060440ab0201c064cf50da822041afa863d510000a7c9e48662199ddf4f534051e084127444d3e1a1ac58123d08cc498a17d6982d178e4e36f48cbf17e205584f7f9082090831760a81ebc91414b8b490b0acc94533e23a81e3730f97159673221f0a99dbaf976b3ed7ca64f3a7e76391d58e0f041591923927c690409e6f4d67becd15ffb037be87d7f6c2b55994d79840ca19094b89005661ba0f87a4e0852d876cd940b101a28987b08b7f793c0ba2fd621a93df1502d785f3a42424aa600a16aa27184a8b90fda2691e08e3c4359e7e8fa98605059d7afcbf4aac9b424b30022c0301070c85d93bc7a20824906094587296ddd2c13103cfc8d661168c866f6afc2e9b7fe48a09196e1773a4f01081ab8161a844ad5c3d497621a87d011cab3fbf3eb99611a2098416ecda8a6f24dd5b0946dfbeefbcdceaeeb9d9065b104ceee25c91d69842db576c39befb44ffffc6fda13effe636b0f136b35b3341a5e382fd9c3ae849d43e855adb8dbf2397818800679144ddb0898d65cb8f13b103ccee178185fc701a98b13402099948e511fc825c1254d871e18ef85917073be8fe907b00411ca4537cb6898d138ed5264ed62642d01a88a6fa6720f059a84b72b807aa7a4f623b84c4e884641b36096a1653c035af7c7740da6169a05778f80060d08dab72eb0b4a3ba75aa0d0f51b725f82cd1a00d690fa2841e29549900348c19097b63a2cb794de91e899e891c6b1daab2a9213973c1c6f73de4be61ae4c77351d58e06ccdd576277a43773c618ffeeebb6ceb939fb3436a2157e8a319c7995f0368f49277843ed70038fb90afeb374086b0b1cd8b47d0181a40bf89a7ecc3804bc7406e8948b0010fe3f809f956752c2d2d9d83cc82e3b3d56452e6665936fea5e82d354c6726e92c6831e676eec81404400830ce3ffe0d824fbf0b49a5801910e0f8e3e067c0214b415a46a0f1ac021a01dd11ad1835eb5669d42caad7a47dabae6198b2b72590f87db424ad8888239acc07c14da52929bbd8e7b256d960d7b039a3ed60fca654f55c2aabde92a14ffdfbf8ed777b7dee053ab0c0a113d3ce5db0936f789fad7ff066fbe2e3d7d815575d6117d62f78dfcd0ea16d2450688699f693ed1c4c327c1b800500605eba0b1f2d6dbd6a151240759f725582cbfc64395724c81c877d4f4b4e440d1328aa482be87a68b6e04c3f8db44f32e729fc6821008856f40c045afabcc5f72c6a1d2959ce3467ce64166086011ad27418f2cc12b3cdcb835023dcba26f3a655c910d03338f0a4b10872f8dc7062c0b5637aeabcec43beaa17951df6eb2c30d75ee444da35198dbdaec65ae27b9d7ef8b10c38fa7db7d3beedc7a1dd4aa419eab10cb2aafc4e35b81d00a1977ab296da55e7b6ede15ffd6d7bf88f3e6e87a7156b361a56a8472e5cbd5ecfae6cb63c6a046010444c35464b62b6a1513a8d66d6d1a7569cd61c211dc6631740b63be5469697261f06536c262ecd53d72a800cbf06728d26491104fd5c20e9fb1299671238c2cab1ae8d8ee3de4cfdc40420ab02a42ee34470017fc83b5523994c12f653ba1fc395d1320c4ff0c8199132c60b69bddace92f7294b70f059062669d4f78b5d6b00121d13fc15b213286760ca1e96509f0fef88f8be0fd7a11c988dac2370a7a717ec78f990cdb6627be4a8d9353d99cce3b93dffbdbf669d17dca0e3fcf45d4bfb56e330d1d27c24e16c9a47a33a7a5b83d9d8ac36b3ab2ef4ed9e9ffb357bfce63bac2a01ad0a18b49e981f87a2a65dd1e8661d81b47eb4a212542868166c7600e326945a6befeb90e0e2f7f81bc7f1bf4810213201a6de679265133c13f904e9729c33502180125040a076806c023a209971876b53f6ca8cfea3b94cb199f5f05d04d8fe64e853edf626631f6f93102c8874e76ad9b544d0168b1cf6b174568b10d63d3aa6c2606af9f0e89cc370e9c52500c22fe359bd8e64c61289a4ff87e5244e7db836810c9f9341f54743b479f2b46ba4dd4efb16385043b6f8407232aeea4d0803b3a8645beb676deb17df62f7bffb43563abd65872b0d779cd1182e1c7aa1d57e36c1065a864166080102ea634f645aa071381ebf83f47d9f26893e170445358a7fe360d1750b329dc86d663bb4c8a103534738218841587821b0cf1e8330c9ac9a4a5391923fd5813e82b29c256ee2c0332c5946a1834787d848c76eca6f61f28f58c2ea9131311133c057903958a955dce45a64ef5f5ae0e0bbc08415c2441f94190ed3415dbc0c9c3da1ea5c4f0f78fc59040c262b890518ae473085f29089cd1c7154c4d6e71fcecc855d4efb1a382693653a8d25b4b2f9cba9b5f51ad7dff371bbed756fb36baa5dbbbabd66ad7ac352b590a940c520315ac32933d2d0d32fe0303e0673cd851b2ca04d040c344136d718a338b39e7346753ae9c0f0098eb9b4996b1fc0a9ed54d7718da3a51f9a2d9e061e2896c698c8049ba80c2cd33c541c0b488063a8ab61c221983c9fc4dacb84c661b28d96004e8e1d7d373569b99a6ecc60b886ca4027a88f159a67616ad6c9888643767496b92df0a8fcf836dea8e44c59dd3fa24c172d037bc02437cd84c39d46c3238ce2ba1a351aa252b3660ddd83af1f448d8a0dee7f8c87daf5b46f81e379626a9d4b1706120cb5d062bbe709abbcefb312f6a1ad74baae39301548809cd52b36d1123f275aed783e171d91986a8b634b5c7360a6095898172191d3b552380eed402b4a1938475a417f76cc374c36dfaf439d7deb29f0c04cfb84b35dd6f54bccee4ffa8e5a6c66c5a1e5c6fca4951feb5ef4d730f700fdee0e685deb58b569c7ca4d3b5aaedae162d5560b91ad4afc5767155be15b9c2a131d90812fde26d80013ee0e26aa6bd140de18e0433d7df914e7e7a8917110699d06877d98b2681c5e099da974ce4ed5e814ca6ab83eff88d9d6567e93dd4bfb16380509672207b5d9edeac5ccacbdbd6d675ff71e9b7ceef3563fd2f671f6dbe3a11fdb88aaee78d3434e98172021c4b0a7c0e4800013de372340a44cc021065c38eb2ef45acab6f20c0034179123ac3280e2c25726a132e7fcfad0c5e0811a79bf4c43c2ded26b6aea3a38e425b495b42083d430c788906d092a3dd951b118cd56d7b964073098ae5ba9d96a24aed67c98414bad7b437763609a47f472be781b9374875576f7afc40cbf26cc1d06ae85416c8b83d95812a90b7545d89ce080034fa00148f35875236d4ade5b613cb181de055fa69b3ef6a40d4f9ecc2a6117d3be050eea5ea22a734d2feb42df36fec7fbece4fb3f6e1b93be352a846bf542d57a337f1a69fa512fb6e280be85c43636363293442f1a8176611628bc335348c0d49ae45f11402be00760f2b8e3ac6dbe403076ed90f58d2030681dcffa95502238810250a045f01c6e34ec48ad6947aa755b95c0770482b65a7f37a7b42cc76aa5759fbe4ca40b85c4b6a471f87c219d9d0c278825906844596a9919845f23669da10644fe083307661211c2e415fd0ebb498ac6d0d2a3615a77d06813762d9bb39bb4172dc9e583d18e5e0ed559c87640d960fa717dfa959891145f8e19756a9b43eb9d39e7c7ed665215ec53d23b423c9f9cf76dfb9e07ecfe5f7aa34dcf6cd8e49a153b5493f84950e82b61728bea30b568945a87965a023aee0f8dcf67485c76cc9360a33b78b4041cdedfe20095ed2f21c0797615232de451223fd64fcf340eacebb9e9b20018e8e2ed2ebdf3f2d118d6d0a6f351e522ada6ae7331abfc83bad2404c983e9099d31770307b4a6829f90fdbf1c806e9d823693efd149db1028e9c160f9260a6921214d282e888cd7afbb54f00770d41944cd7a468f8298010a10740e3e1e819198debd9d3620f0a103050bd79ff93963e26499a1050a2e1a893aacad7d40d262afb6ea7bddb8fc36047c6e6476abdf4b2a7bda1948b5e847c95b9de3bfe45a12847fab3b7d8033ffb5f6d720b26da312bb6576c3a985837ca7afa797c5a5c66ab41b0fd85aba52c310592830761c91cdc44d28d2947e7624def966c375a7f96900c8d2caaa4b5713e81859b3eac7325b411adb48e199d7d4cc282d9a6c24a78b93e1f9c22748b90b52440f499f8d44e0e4d9e370beb02dc0b93d8364b535baf4a900584ba7c983643a265c2d1e237579b16e1e8e7ce3fa938ee8ba041f49c5d5d1548306e26d192541cae8fc94a9dd4e7511635d4f3e23ff15c41e8f97d381ad236390126c88300613d22a1298f54aa7abc71a191c9a58d19472bba7ebf2eb34f9a7eacf7261d68a58dc4ea3ffe9df645fff427b203772921177b93d4ca627654113eb5be91b4886c306f154984f496f2b607edd41b3f68e71e3f6ddb4d098a5a5de65c267d24b417176b94b09f1697a88f4fb4a77ffe01da74e24bc843ce625a5f6f8d759ee793e502e87d130013cdc0f1ba4f8832b16726b010c59be9fa1002454958fab0035d9732647d3799b0d32abb8925ee369ad6aed77d94266936f8433e4f80b48d7f71a0d2b456b96e4d714d7e4e49fb4bae4d3293712a00136048541f3e5421e744e505c0db0c21c8997ea00173af09ac3ebb27c30c840bfa96c7aa56966c33708ef911607fa66ce1b453af39b002710cbfa171178fdfedb497cafa349a325326422d8414e5a7d09a02163e42ebafe8fc797bf2cd1fb48db77dd4d2f59ecd5a35dc149fa082c9f0fc6521cc3970dc8c902079abcb4bd67ebe59834903318e1e30a03118feebb9680047424d381b93c8d358304ba4b546cc97263f08930d0aa61a40f07b0af473f91a73097316659376116060525a70c061cc2f9e880681e775b34ae7b46b987275eb16abb6226dd3256a56aad98a4cbc9546cb0e6b7d5580694ae3e1f7545456bfbf2ec3f3f51d0489cf9433629d64cf69362687ced2f393a1adc3e9c8c7df6c4e320e40a23f09c03097b48325ac031e31c5050c1e30c949cd52a6a572f0d048ec004a14d617cfd9adc4f3ed4d42a025ac9924205c33ebc703992c329f64809cfebd77dbc98f7cca269b5b76454582c4fc29127a849017145e12c204ed98415a328438b3f125a80044e4bf317a53bfa3837c3fbde43a9d8e48efe907783ace2756176800906755ab257733860be9ba68a9b9847e2ec19efb73e85efa110e9f5ca71cf4db78dabf049ae819fe8c6b45fd63c907ab2a8cb3490b3e2121899e1dc0546f589d90b3bcf8926eccf83c3a5dd12c74d8d231da93d6d8e22b04024d4f0082fb62c6dd0c74df6ddd6b5b5abd271ea86e472a970f69501961eac0b30a60d603e7fb68a5020016c141e97d7e357ee3182de0b0ae83fdb8dd4e7b163812ef6c857aa67596f931936f5290a09efee0c7adf7baf7dbd6f973363fd6b6d56adb8e8cc822ae5a5a2b5b22b303c15bd438082a4e6c48dcf477affdae8972f3cbcfd1fdb0d9773495161ceb5a41bfeb60cf0e765f01a04a48e9c464c9ef2e163ab78cf92441f73e1ebd06eec9b55d20d140f9b9636980d0caa3257a984cdab7351ed8407e06602ee97e68a98a542e03ef6493c95713d0f43c238117706c937a23a79b103c636dfc9aba16d70c53e07ac7aa9865a206652226133b55dd12e6566be17e599961041359c6e29a142a9f79643d2cd9174ccf00049e8f3ea6505f0e927c3f1adc8f17787c99ffb69b69cf02c71df2bc820738c45a765b1d996843bbf7b7de64a5c79e2425cb66edc84da8829ac9921c5626c2f0a4c8fcdca76b1c014420e165f2823d078dac80dcdc227216121e1d180041d7412078f900cac7f6ab301c8700109e4dd492fb30635d87902ce65a54ac49c889ec4928c5fe2aa441896469a787b8f9840760c3311fa81ce4a06d8b596e090843eda38c081be1730ac31702d05068934df18680016f02366999be8004f3ed9a91ce1da93c23dd63a467801983c97776421e1ae621be1583d242a7a80f27d033f29c3e1f9b96f0e23e40c0f33b08b40e58609a0e820ed431e50d20f1ed9c16d7772bed59e04cd5623a70f404894c2a176d992d93777fd0ca9ffabcc5872bb6a297dd1dceac27e09c6d167d99126ad689ae1d444ff938596429d30ad98bf63c3409199a88e3f0777c54a3ab38f93a02894ed811128083c093fb45342d688e9dd02c5a87420b385539eb91317586aec6cd44dec18870093874568691943c26d34311ddf2af13c06a14e8a8e58b070449086210986086cff5614f4019dbd6f4a9c90afbf36ccadc300dee587067ee0206c4f9e704f500684d373bb55d5041f01ff916aaf48ccc2fd271041a71ddc806cfb5b5caec66add69fb68fe779063000762833d9b4649d1d795dee76dab3c0c19e76891249b63c6c6aa3d8eef9e38fd97593b26d1c91d32c3b7f6d5b9a242ad9b995b2adc7434b36b7bdd58478c9fea245bc5840e3c0d13a97ceb450e6f7f0321d346a7dfd3c4f3a432568098b82dd4ff8d8fb49742cd772bf0796c6090224083a00e545e542a7cbf0482e88f36ca098341221eda2fb52852c50a067655990c95920cb99313e15dd513e17e162225e3eec594f0093cf361627ba07d9d453c02c0d472edd54cc92e10bacf3db5c2c63337b263d9f9b4f6a207c2e13adb364dbcb9233410c3edde165cbcb0730e045c0847a0d7b2e06c8e2b1bb9df66e3f8e9c6579d7d6d38b6a6b75260fb8f8c14fdac3dff75376ee98de6e8964954c901168d712de872121d5e94d994a10b8f117a86a70d0485858966a1581316b958326a21f22cc5273b8bbe2a6526f2e8d2481454888d815078915e28955d79a364ee4df0016092303d94a0203c020dceb2931cd86c055b0717fdb46c36d5d43d7913699c9ac8af91281c059e231e5239193b62d95b62dc91d146776a4d0c94ca732e69e34ae8039c6d91f8d64862596d6994c96e7d3032e2c03d11804bad431989ccf449d96ea0f50e930671defbe9fb3b463b392353caa3b96aa3a07374c83d299a92e54de0bc5b155fbb1cd5b75ab97eb56de50ddfdd877d80dffe73fce6eb44b4992b44749a60393fb311c6b28ff6126813973d7fd96a8254633d0718840c16800960144f4debb3996b77d880b42b32838fce60241cb2bce04223b0ef0796720e7f31bac73c26fdeb723a041e19a088f0b90f6b30fb944d889d295244ce54ad5f7731a2d3ea0f72c03317e58e65f65e5e7d38098614c46b89e0c6d43bcad6dbe3c30aef0f90fcc3f021930daf24f335f462849c0e16c5d77959087297bf9f2c63331650fa0087581e65115fbf303229e8146c65392604c581d840fe4639d4480c8c3e4a1e1d232d4d96ea6bd0b1c115f8e64ae619203271b9bf6c4c76fb1b859967913994f4d048058021e8083d0e945c2bc705e92fefb8be2553ded85f11273532cb4aa3b0470101809cea2c2c6c677a71a9f4b820505d38e6d7c9db0dfcdaa89b495b6c95fabd66ad246250f1b4b9ca5dd64c4c9bfc8ca26e1d273e0c7f0450266f81c4af809126ccad70338f4b1e0c7241595438d47096de5ac32888b044776f6cd771cfacb71a8b3cbb1a7d1c0aa030fc3d3d4001c3a79c5655d034643d7f41c643030bb2811b79ab4e862fdec98b4f93b5902e77f2be9e5b19079d46846363d7dd6fa77dc67c3aa0483d6592f03d084e1bede82238200451c5a7f881745abe7429abf344083b661901582e68220c9e07700c2a7d6fd45cbf90fc30700944fcca1167ff1da08032dac7f715a02c36f4c918b3f42922326643992ee943f339536a143346838a149d795df21938e416b94b32233af5e61e61a9c775d5ba61c4c2082e7abe89e65b4c602cb9dd7f229666c5fa4e783b3f58c77f6ebd6cfc43ec08fb0bbee49ebe3a0d1f3873ac0aca5be5cd308f80cc5aea931a8a271748a0347e7651a27ab73ea855cc0bd407b1638b470645ba9ba050e39a70f3c6ee54dbe994cb813883c0502c88597172346e08300431c87407a36747e4e987c823e199fbd05cd931f8b70e0bbec804fbf21e45c836c024fa844982ebaa7b3eecbbdd1928934069906c2a583a3589698f934b8f80744f9e86cccf2c57cac8d9e0bc71e3a1635ec58b96687d524f045858e344a27995b3b9959534bf2d41699963f642638eb7e709506e669ebffefd8b5370d9198da0624ac7b5db24f75e2a69ab67cc61b71a8e3502f2c21ce09f51e7edbedb46781434896af94b99323211edcf3a0d5d12c92422249fce4532ae9456016d117824dcee0af1d87357f41fe4273de7981984c0047021c3eb28440788bba001c8ef1902ae7f09b503cc5c7c805c4efc3715a0fdbae795436c95a161aa68f47d728e1e8934d50aaf8f5c9254323edf4da0b4044c074474fd2ecce2bfe19c32e5903629fe27652b0a6547143cf02d7558ea7d6593277b45aff72f94f717581231dfb4cdc94f683c33c6a986faed55515d4201ac7933aa9533526e409d2871672d90240c23b5834d952b4d12ea73d0b9c582f4412e5f95176e182f5ef7d584227c19029c0bcc90819d12e969eb1bcc36ae9c59857deeae99fb792bce01c34903bfcd2361e8e9530b840c01c23661019ec2f1ea1475cf84dd771534542c06f5936826c13aea9dfd987afe34012d00035738c25492a6d135954ad7936c158c2e3f339eb77fa5ce0001e1fae301ad95c3e5259cfc4e764aaba564df7e65b3b6862e65108ecbede45eb84b0618615847542e824913a0b08cfc44ce94b42293377ee8c14554b10a6b8a52643bd521ff43931c236890a9e18eafbf3868425dbd4198456deedb4678143cb6bbd91046a661b4f9eb1f1e9732e88446e628101530e58d0538fb021a0cc09c01267d605577c390abf3980e08543590de7137a0d84a0b89daf650021da6611389ce3dbd29838fb94d3c7ac685f363a34d271f4c950f6acfc9872986b710e1ac48acf8bf8885509999783fb716ff942052db5d861be1d1a96619d61ca1773910ed5b0ae723d13d3c7e4e17035190e1abd0f37dd54d6904203797d887d5e075d97d94569ec16eb82e5d38093d7d76ea63ddb8f3351ab467a8759dfeefe6bffc4d29befb4332b05bb725ab7919a601ecb1947418c46f07419b5b8bcb454ad2099c63b1f7fd58bc32c0be7f57b439d31737f80fe159d64537aeb25005335a96339c72eacb0aee576bc8e25f48a006d8c077ebd6c664b0987b44726f43219257869948dff898800eafee4d1456ac523fa3ab4ffd18d87ad154b93c877a1dfe65c55c0a94aa34a5b7467654b0763dd0960e87e68016da109106042d8b219a99ccb125a27233ddbe252808606cc7320a2de6080e0a69818aad41b3a438d9336fd03b98beb2cf51cbe0fad2b200006cff9531d50bf69bd6c71bf6fc3ead4ba89de478dfad3536c4eacf2a3df625ff22fff85df67b7d29ed5380cdfe51d0e3f74abc54faebb164168476af218d5e9669538d8dc97a2a045025878e1be2d0e363742ece080a47982efb3a881b807e7432cd1163e561f10880bb2ef9906c93bffb40ebb761067d32209a202245f94a62f0491050cf84b7c923d15608880b8d93892aeed0b341eb4d06ec9b90356c065b01a1fc3e2ab08fe29f92fc08be61bf7f38645b505b39febf1556daf07959f6710b29d7dea5cfc45d5bb038467510352d06fc57c105ba823801c1a99d0b78656a25faa22adc5fd4b059da317a047d4fdb2b0cf6ea63d0b1c1211f98ecc9937ffb115cf6d5ab9cee414916d95a50986f2179047712ef23b241973da117c00a356905c35177aede225fbb4afb2f57dc09a0482f3683d7d561b3292b5836b84eb3bf0f8ddaf2560e9bc10619bc1127c962e5c7e3ddd4f8cd061ae4da487d048642b605a22c2cc153d94f934f2f3a41de745abe9c123f9768cf8ac1396d6b25924af8d4f89d4b514470d07cf33b1033b6f18785e986708cfe160ca992fcec11e2d1413fcf0a9aa64fa6242323296866c2ef0070051f750a867c00360008fdf0fb0abfcdedfa672005aea8eba28303df12ea73d0c1cbd91edbe8d3ef4395b9998d55a4db7b5e918643aa51de0e41c5e240408fce5691d21c194cbcc088459fb542b955c585cf811fa1c38598c58f7401072f000be45a1c32c61897f92f92a5ad781fc03281c970a8030dffde46bd304114693918fb064ae00ca47e4704b3022c8ce7687016b32e9e0b566db56c54cc5cb67d4f99200269f0ba1c010ca7339269a0793f4099341eeecd1bca71a1e8ef5d1ad2a37e00024e4a2512ff8681ee0d03e07bdaec7351843c4335307e179310077ea3d2f1fa0ac142b020dfd53323fd578d158543b1d1dbdbb69cf02a788ce9189367bec8c87a5ddd4c15c1378aaf5a64776c218f745d040bc40cc114c1f074d1074bd5e0788d827cba33576ed90b5a410fd1359bf8eaec1b59108ae2376410138121aef18146793764838590a28de712860f319bf94b034234b27898df93ca09c7d66a719c743efb32149b38730ea7e3579312b95a61d6a74add559b14e5bcb56c71a8d9645d5ba341c19cb32ed541486408761ce9763a6c6f575ddd3bfb8461924f098607000950757b44e08df43faaa23d62bb5aa4f20efa6a8ea876766365342eba338fbae4e0061e6dba95e005fce2497f20d21ce656e6bea9cccec99aedbbae2b0d7f56ea63d0b9c15b9aaf6c82909181f914dac37eaf9a4e72bf2e08b1de6ab54eb26cea23c7e8a13a0813c0b80fdb9c0231cde1af3a35ee60ef162054afc10cc1a5ddd9df0e028fb7d7452086fe3082358f820ae9df2ebfbb5b5f48e5431532265c0d36f3a6eae736612d834d7441e7da218ba1713041e2e35ec70d4b26aa3eec3c0c932204567aaf21165a3cf87313b8ce2647427b96bcfc40c5e83f9460e03d73cdcad168621d144bf7c9881cae07d612a07ed8393ca0e079f883a80fc19d45060ca32b80ef0f11d1e3410df24a53fca2706d1fb620245cfc4569df2e160ffcc889664719b9ead75e531bfe66ea63d0b9cb25ed2ecde472dee46d69beb05e96511aeed8e8bb6216140133830104e2d7cfd22da314524bcce08b7d89d762dbdf394d651c7d232021cef0791564363ed80522f1dede5a937f9f5983ed63fe307d8f01510344c139506c6f1a6df8509dfabd26ade1b0f0ba4dab45885c32faaaa053e5a6bdb71f18afc185ae6f37309bf349333a33ab5dc62fc4de0990021383d13f37537182176b0c897c2779957e598cbc798579ff2694290c3cbe7e52d7b98dd13350518c62551c780887ae1591d9080070dc6bd00a783484b34994e003ca42ec57a97315a090ddf6c58fbf852e3fcefa358b6ffa3a76c22e0f0bd7c26d0d35bb5ea28b5277b1bfe6097020b84d6c9da492d11f81c30cef90f73cc2d4020e0f83e81c9ed73317970e1da17df8373f4c7c10518184f83b07947a36f3392f2a99e7bf2cd3c7a2526149d1d53f6165f2bfefdd0955acbba51536663c5056c6332b4ad613fe3f1309b434d66977fcb336fe501de33b16b12555270e6dd67914f571470600f644459240d5f8fce5126fd0865e5cbd99e2317c0e3c5cdca4e783ff84d8004130f732d986c3b669b6e8b2918e7bf532606e615baddbc36772fedde7e1c09b42f32e329135cfd0b2643e9be4fd9e677fdac0db67bf6784be69a5a344ca8952d094db7ea0988b48041d86909fd5fbe4df680af4b683ce40c6b3dfc4e940abc705e304f98848339cb30491aaa36224a9ea5a0561be7d93592ca807f542172a573f0879807a1205bdffb32544eb4c68afc302645c437a0235337f58f4ba1b5f87cf9e312c6b54ed756e4c7a0d94683a1cf31c0718486998b6007b4ba8fb0e0a0cd716fe7c69b3e152d53dbf24d9e39cfab3a51dbe22066427a1f5fa4568121dafe6d509de719deba48a267e4fa5e1f5a7afd716f31143a91338d9cb107577271a2233af82d0082016eac135ce0fae572cb3aaa9bfe70c313733b6a18ce6f8eecfa1fffdbb6f28ffe9a4cd335bfce6e25ea6a575310e4604b5360b8f7f89336dcea65c39af5ae308d68ad115e17d6ecfd3921544ed9259cf055bc4f416f917f08047e0b0202139e062f0846a09db2e81eec45001669f19e08d00eeb38eff454c1e9406549c6036167c8132455e654fe41f8f273522bd8a098caec6208f4d8fa0539de6581aa3cb561493e90a43ed67658fa7abe849bf5ba838639d8a24a648d28fb02369f2574ad9073681866ba37f32230ad15200d19012179131050174173a02d3c04bd5007bc17983e1ac2f1de6f252d14c2deac7b9f8d967eaff1c8fd1c9f485e75376fd4ecc8896b54be6538fa59132f040ec20af137f0f6fd8fdba8df772794969d3995831fe153aee945045ea4705dcc8a90e98bcf81800421e19cd01f4303caf1080e2f1f4633b999935f13c0a01516c97da65cd01c34f8113a077f8294936d396143ed9f735fddb5a81bf0b5b46d39f75b326fe6f5c8463a66231ed87adcf7b1377c4c0a46cb790683cac435095eb8206b89e9053329a10ba90ae973b50924cc83c0f37a54508c891582159e61a125420fd87d428edcdcc44ff367e23900bcca87f6f0ce5a31f5931d903558ce987f580968715fcfb4b9d7a1ea3849d418c49906e5de341895c36bd6bde1f9026d363a7737535623bb9082ca776215d68b21c4cb50623bb5ee423191b0b0dfd36fb4a495c3fc082f7091107e5e328ce38ed6e125d22783b6e178040abf877e9d5402c274b35c5abffa4b0eada80bac7641008d731d3cf93d019e2781226cfa31f483b8d6294b9be4912cf62350dc071f05a79a149ba6cc294663a632cf52996e056956e65c63a211f6d7751f329f593286a6aef2b18ec8c164515027c509293f32d1545798646ccf0550d9625a9f3a88683098a6d73fc32eadd46a349ef2d1000e7524e69d78bf94ca405df25cd4c1a289c692ba782aa9368b3286907f58f2ae66aa07ae11c9acdd1e8fadf9dcabcc4e5ced6f65b7d3ee058ecb692e9981783712023ea3d1da8cfd25cf1b52eb7a11c5247b4138ba7400f260302f115a040deb17132fdcb544cea4f57b0726a28f50f805755d81066739b4b64efa1910877b710f5ae59d4fb5eb7aec83bcd59510a65ac6da4f0876ac9679a4eb336513936a94e47ff8ec9c93a235e2b9733b2d587b5ab215a9ae8ed0d79d969d57e77cef26cb5ff36fdfb02f2d5b53e60e137ef867d4c58d82348ec4bf2e40300c20fc4eb2269ac8b39c051ed699101da0786391973970a853ea840683a5d7a9f60328d6e910f50f4ca5139f36d8c3cd70e8b78a132b575497b5c83532f3763303d1ca4bae17ea2bba665e59bb98a8875d49fe42f2752736d44ae198638f17cef78d9498b44a5f06bfc9c62782a357c85c66bc5cf8e207f4cbe42f174623a0193cf243879d5ee04e0e56de3a867318a988d982b981e9850681c26be67e811008ca02f85cc8d4b2032e4692327d14336cd2533e2cccfcdb36986e7c718031399d464b40285957fa65b550b1d562947d184aebecebce05a022d35f89f99dce512d3b024737dfdff6193d9b597641ad614df93880a3c16c9f51ddf731852efbab028fc3042dc0334ba3bb36f127a70e051881062d84a6c68c73eda5e379669e8f5aa23e70fe99f1867e31d7ba5eaf7f5ae378644ee0214bc33576bd66475f7c0336b415d448ec76ba58ae760dd1823d8d5c7af52a55e9d8e6835367bdb79b798a010ec29c092b03c3c64f13e2b0ee97d0b134683e413ac7f362011c8011031e5a477fc930e223c1f016175b5dccbd166d7b5ebcbffc7c1d5a048dfeb81987b944b4c927f1d31241c55fd9149ab6e498f12cb4f687eb1d37b548d86c23e408b87c16b4876b0834857e63ddb3bbf9da82969ccb6f9e7ac3f9124eb40a1ac77d38811733d681a27b7bf636c29ffb3a5ebf5aa7cc2ef02a7fe8db4203113164e01aec43c93105395fa7ba0656f5d0a010eec6e9279b23442d61d758ac7b4d49dbca34c542180f63eb1e3e629debaef66d6167d7d3ae05cee5c89d57bdf0adb3173c536024a1c7090dc2ec763591360e4688e14b50d036ae792420800441718111bba6c98566d172e0e5039eec0619213870000dc4b5ddafc90bc0ef00278cedc761e7da000c877f54d6f1ba2c5ab42d5f838b3175141fba75aecae7510b5d925fc07ed3524e08ce9af9189a7cddb7b54e4a0f2179dd4485110064224d6422d1b34fe3130f86fec9f8641c6721761dc7b3f9603631113f98e7e0f91176822ff83c040d3c72993f5720ea9f6780832fa817b3b3bec8d4ef288ebd2e47a3b1b557bb5639b4a2fa785ad5ee5adab5fd380000d300f2d64c4b0f528e66b675c7e7cd7ef89f5b3f1ed9935beb366556977ad573a4683579c9dd52169909fd126140151a070119e4ad1a8eaddeb35a4e5a505261327f65cad07fbd547aef6590cb6f526baef244329308249c4d37a93c4989840e271bf35165063c70aa36da4d17097218b8c5ec31681b5affe964e4664fa151b53385c44e4ec7d6ed74ec85954376a897998e3b2d34acb2f852c2ebfb053607b734044b00c27e4fd9d733d664ae11e060a09b4fe3ab75d780f9f37b144db4f8fa9f260a13be6043fd51f7028fd67da96d78ecf9403410623d274b9e97df201a218877c7ef4123b1841a02ec99eadc8e8daa3e63e2e8afbecabee1177f5acfa74642fe1a80dbcdb4bb4b975328a4bf56553c7d04535a4fd9cbb45ebc70d6a96c42b1991641a3f0429fd218413058fa37fbc5981fde9fa30bfb32174c37d5727b1c307277ae07000163983d87efcd90494039ca12565a65dfaf53822602885cc32352944dd722c800305369055afc9a5af28684c681a7dfaa32bfe883a1f5e7131dd9fd04185dca99fb92550cf828b33f817ef1f24b63a8dc041fc801231fcc59d7de615d6b917d58f6c2f658d78d734e58aa7c13ddd3b775af307700e66598c5d3cd60ea48ec40613baf7bc8eb2267aa444fe4f546b643e750d6e149a49367d8edb46b4be815be50e93ba497cab4aff4b6a76a4d115a6fe1b58e46f1c15f7aaab978960be9e208c5009e30c104be8033c21ec020e67a00c75b66d8c193950bdb5d9e84ce915f2161ca7c0dd2faa5f9b48e660094ee57e854f703c49401f38df99f315ff8360e19d1b378e61a72b55095561298758d5ab5ea0c78f81e8e6b1afda3ed275ac7f57816fe857279d9f85d3c204f4c9a8610379fee0889969e2f364fb3f9a79f81077a4667d5e948cf3352bd0fb5ce5c0f63adf72b7367060ec2b1eada871ce4ecf3518b4343a1c27a3d60e2c11efde45dea59fb32b7d7aebdca9f2303bfafee6adab5c0a1d577529db3464169a524d56e967966ad849b164befc62369be8e79a513105018610a2fcf052d67c490d60db3cb330624982e9abaaffb4b013444e872e0701e20e45a9ce3fd1c253edc940d7a2b6b9d32b836e09a2a17da063390f3d15e21180168f00506f44be9fa872b4d5b2bd6ada6529012e3d7d312a63c5036e02ed3847cc2038e1381411a8bf5a1ea8390f6709ae65f37100b307c6077a8fb325669a45a24df2d00642ce15e5c061ee89ef090a5ea84f591ea8801e5bed4c3710efe19c10032abd1f4a1de77348e973c231de2f5e1a6b07ee3b3243c5b5c2dd9d1eb9fa383f59c62b4e46ea75d0b1c646d87f27aa425a5c4a566cda26ecb5b345e40f66326cc6eb44878e9d90e1c5a6138b4ca3b11a5856bf31ba0601d02285cd75902ee3e83848fc445dd05119796120b3865348db4c84cdb9e32aff31d845ae13e7e2f0104c1f7a107fa6da49b939d4c548c4f0fae14a561a4c9f0a982007ac00256a930bff882021cc6d1f07502be7bc357d342c6f4a6d8bf4e20d090013dd495464c8faba7f3af1d08c904559e915517ce2a834fdaaee789551f2c993c843a72eda225ebd49b9739afefc546ea928c16d54bd62359e5c8aab5afb952fb757159dc0c95d8edb46b81b3a3afa94c115b3ecba356e8386b5d75d426f43cb38fdf751c1a84fe05c2affe52c5e18586b06a606fb9756ee86be03ace08a838d31c4043c20f7024f444a4b2c1598c70cc8b26906022ce2408537c166d7a3a8aca1640ed5a87089738682f320736a7b1256a6d1bf4b5c8d46b021b5d874e50cf740e1ccc2e9639a35d06e2becab3c8db020a5fa1669276049e8e558699d3c91acb8ce593eefed128fd1e98f13c8b4b5f57f9f884fa444b1253a7bae74cd75625f832985c30cf83e988e453b7d4b96b5b715e054e58021e201033149c4f8924716add1357597474353b8873164fdaa5a447d89da4fa7b8af28d1015e27b308dab8e79e72783a3105cbaf03c22a61749075d68b161d73270fe62fde50216b5dc1e7ed6753d8c2df671f45a021c1c7d34188281794442693c91208b1d709409804a103d82a675bee08cbdcf74483e2a1521d0fdd07044ed7cec8a003490f06d0914b35ad9ea9db6554ba4550aa8c58a036f6b3276de4eb3afb0f549c59120e39ff8776e740c26125a370c40c35977930b334a9ac53b232993f67b9858e5f124531a1c351ccfc433dd83c9d96503cb94ccd6c9f0063830f33fc361ae694082760d14e6a80e294cd43def62c70a50397875247bae9db8d28c017a5416a363f36bec66dab5c0b914b9a660851eb2d5ae5a75ece1ac9ae9d976334d07d0d7c03b08bc984b15885631f4dfb00c9a8617cc72a7e34ed7d57bce5e3ec7baa9a416d8850b81c8c0e1d7d3fd5dc3715d5a55ee9fdf4fab12429513e08801289a634ec7a57c364fa4947d0f60290be0dc19ce2c0ec39003c03175fcc3bb7a56b45daaf3f8ec60f6356b2d057ad8cd46d6392e5ffa792a516015e769db7041c031c0a3272ab214808a0b5cd149ce80038de317c940425def689c500122eac31b3031a62ec7e3a7b6d656bd1172d2f5fc1def72dab5fd385f8806b7de66cd57ff0bfbcc09d9f3e59195ce6fd98949dd9eec44964ef45ae42a64a163092b00d0aba2d79c48172de35800f0be1d0183d62f1bd0c5f19c50b0c600c345d750f5000628682c285a65f2d9a277065625f0ec075044ad5c9ba57d1fff8276f1e3a405f17952090ac2f2a084e6f0eaaa5d75e8a8add55b5698c86f190cbc3390ec05c6ef439ca31239b9f613218ccc4be6f7a40547e3b0cc99f2364671965150c972f926da2647cc23870256a3d9f48e501a82c0340c81c6e3b1d71b410a8ea71ca1e160d9523d72b4fb37683358ebd437c0a001e337886dca9a6d658d4ca356b2f551624f3e71c1bee92dbf6ad7fea5d758654bf7edca8a4826d69555b19b694f699c45aa753a96bce82aab9c1ffa3757a2a86a435e9e84b248affa2588971a9608210062174b67bd6c373924d4d04eeb08982e22a278e47521486e424a30382e08a66b24ce9790f8979e0528cc3a849ce00299c19888a4d3fb476d6596e1ccfb50661d970818806322014b2ee2b82eada4735d4322ecf29b88cc05a0c294cff7a95cfeac341e62cac9393b7978da0e74a9e774815fe04084fc77fc1576a06db402039a2f4453f93615bdb7ca5547ec9aeb9febe937d65423a4dfeabb1c34d09e054ee9f09a8d5efb526b6e25d68ca549ca25ebd7f412112234c902f11e010b2f38bc6877fac5bee4658b3dfa259303dbdc3510274b9858faba2808171352f8f761d020d21008329a0ad0902b464815d30847df1d7942c63a35d631f45bcc9843b920677e32b48d51cf367dcc8dc0232f89816a69558e73ceb194063c8ae4bfe41ccf1277def95c088e3b73cc15559eb2ca1531ac59f7843da42e0ac0715f43fb0307f0f05c811789df1c680b20e3981deda6c369202037cfa83fccb62f4452e8d1bc6ccf79cd575bf5da136aecca362c6b7f3fd3f4bb9df62c70646bd8fc2fbddc56a28e04256be9e25666562048bc4b001108f17193410c7898db8bbe1bcee3386c73f73fd45a13f9e21880e08013ef0896ef96c92521053c2cdde7013822fc2bcffce53eb02047cf388ebd7f0e5d7b0685a90f4d90287a9ad0f678e0e943eecb0854e4afb9df80a04a60610417ed06480350096eb8e9445f934c3db81c4fad92e8ca5a9f253a4e65043c3410941fe1e73ca671f2e9aa000405d76f30eb619b25bf73bc678b032231fbdd3483b5c515bc9ef49b6b6ebfc033d37ca6fa6fb4ecc6eff93633f9aaaa353b6f637f0fbc93dd4e7b173874327ee90dd6fe921b24f07a11896abb1e5954ab48a08902e5c78982f0bb208bbd8504144476b4dc696511540483565afb38d6fda41c40503816b308610e82ec431172f078e768295219e84805b4029a982f0f0c55b089405b570bebb977896042f6807c1a9f1780a3059eea7862b5d1c497e5b17c93e1d8b9282e0c462a180f9d71f8046159372b05e6f90528fc1a188005f003667c281f2fa3f3d8de794eb13730f9d201bac03bbf710e75a56d9e3aac732df80bd136cff7dc2bede82b5e6a53950365e38d0f9375e45a7237d3de058eea76566e5af15bbfc2ca8d869b078085b98b2f65212f828797ef53d222006207888ea135f51698a56a86a001bf4141e82037ef58c71c033c0403104009a7fb15da5f679240ca88e9521094a4099928909c31930dbfca981915a8a963ea3a0667bb290d58d3ef5581b22eae496b44f2056ae2488d0166584920280a6c613468942fe192b8a84a40acd17c94839cbe44da25c56cd3b172c25c2b27b9a94999a1f07c8bcfe960a02e748c6b363d2bc4eff8835edf628ee117a297d457a8b367a29eeab6fbaa97dbbc29af86d97426333b56684865abe15119773bed5de0e87df399bce45b5f6eb5d5b64fb9341f4a40243c75f918d0c5ef6f113c3e3e3f674082e3ce6fb4a4b0832967494a760151102afa7858078480cd5bee5cc0885635a35a66b2082c4ca78b0f86438ec9539256e4a350fe61a859c956582f44d691d434b4ede3750aa56ce098849c3c35923c8350e39bf98768a5d17c9e05b1a70ce57e0ccc441c007b0240a4b1302911707e03384cbdeb03ccd4caef3ca71a918bd7bd2e0004da46ebe1f7a706b2f190d9713eaf82983ea52f44ed1357da15dff8955943a286a524e034f4dcdb45fdc9b0bcab694f036736185bf2c26b2c6a0938e5aacda4fe69f96b7c42237b9f3b848007f2977f91b67119d75f0782960e0aed0b4009e787ebba008a216f9505165a6418ad532d6583c510ac903d1d7e2717ad352f5943dc94ae684a705ad2400c6f96ee7450f864efb0cef3af1db00cfbc40e160188f03acb002a049e3e2807b6ca069019be9ce61ac781a7f38306611f14cef76b2c10bf679cadef90d617fb69bc4eb574bf27ec7c063afedcebecf0cb6e50c3401c4da43ab1fec4365399a15ef3bb9bf66c3f0e0d555145efa7ebd6faa577da3d3ff79bf64494d8b5ad4376fbd927ec68bb21c1c9d2665ce8c4245f2254ec9fca590f66868321af86008cc938f6592c312358ba400104994f0cdf8ee4c267c7cae483a51d486549747d407675e7900dceaddbb827c7bf32b733f3b18f4c7d5e6dd56e3c74b5550acfdcacd21f44d902d802b3cfcb5c93840a00dccba79bd5b5f165783acc34b49b9f9f1fcf71fe0c004bcb58b23999904a23ff481ab1d6a87942295a08138e0fdcf29c4cdd44bf14a16fbe29c47067ccbd26da4e68d1153dfccc3543c4122d5edc9a5aff486483696c1d6993a9ee71a6223f2b2dd8b1ed82bdec96b75b432676bbddcecab5c7286b32f7207982a05e5335aa9b3de798956b753b3c8bec7c3ab44eabe18071d0e42f2508e18e39c5b6bfe68cc21ada86df9efa4524c0f8befc1caec97aaa8374c9a7845ac26e08bcd6471339fcba358246622802ddae37ad5d13a0753ed77926f6169ca24bd02fc5ae6774033eb24b19a4d3a4d52abe2466205957390049b69faf02b04ea1f81dd0a3a9f0d570cc8928f29c1e52167b744ec735750e9f4f694b33a0193123991845b7cccc5b2d774cdd7c1dd32ed60bf2211a0219e37b18c671a4d4b47e7f64577fc32b7df245804a3dee45dab3c0c154c3cc22d06a5ff41c6b1d396aab71c99e9c8f7cf64b5e0ae651008f0bbd240cd060b60442480358689d7d9faeeb022a72675ffbc312e2776dfaf108894f5e48fa8c5a6766e0e1db9c9bfd9ee788255151adbb80a3321c56b9baed8e9787b0f333b10b60ceb4e08c330a4cca11d708cfc273e941fd991d94daf6197f544eea80de7f676922004339d116e4f79121476603fbbdf354cf4254b0ac25c3bb1949cabc05cd4a647542ed9ca716c3272bd1f5c95c709f51ec9da25afabc03e54c1b61a6928c5b95597a785c525dccedc4df78adb55a2d2f5368c816692f80498fba474975cd6428325accaebbc2565ef27c9bf7131bbb5c3da56d602800278067a765673feb5c8b75314bf781f275fa4974a29f8b3002aa9003a69fb3e341927c09e63f83078341966829a161c9a712571a2d6b493302540f4d3f038f759b188089dd04144f248429e69496a4067926b39b5248bd9eb7a4169c6374ae2b104457c2ee5fb31617b5ce079df4836b1506eff1897696681ccf3cd01250cd655a0150321cc2d0679244e7d2a0cc29ade6c141cde57cdd2f2b40e540b266e4b3e5a075f4f03e17def87ccf0e5d7bc21a5ff7320739c0a1ee52fa9316c0c3bedd4e7aaa3d4a2a39f125fe2651d5ea5ffe52eb578bd6510b99c4a39dca77a1ce396c4321f13380075ed43cfef2fd4049197e0dccba28cb6be37b34122ead7b6b2d261850524b5fc61197a078ee9a4c1642dfcc4653e578918fc0d43d9e89c70229cc1898300e260c6b261b9b4e521fa7a31b871e7c1cf3a09dc880f6e997c46186cf0c5c3a8832a355042404d8a70ee6b9743f3dbcffc67c750c796072c4edf9c4bf0841e6f544fb66cd2c6a493d79fde5a06149ed528745d285e89b529d31bc9c01771786037be1ab5f690335208168d842fdc37b85a8af3d4a999dadea96b1a1c778c50b6cf6fc2bed38e6409275f8b966414be42f8497147c1ff62d82270008f0c00857d042614aaaec58edd37e3ee4c480333eadeed74410f55b49c2ccc7767d68039a6746eebd0454ad2bdb7c59608be96c059e6764997efed5819cf19370d0038f54a689ca9869213db3ca04a39966bad7ac1ab9764ad5e23bd872c04d31e748fc043c3a8f081f60ca4c4e813c7f761f7ea06aa5d39311a36396fa158de220a43e61aa56600b4b55123ff9361a897ae39bac032d875775ed85dff4b5aadfa788bac39c84a85f887dbb9df62e70d4f2011abe54561a68ed05575afbd52fb343eb6a9b651a05f51f8013ccb6f0a202501c08bed4b62481757f81b970ec8086a504c37f47e8247cfee90eb13bdf123e7c05cc1c3a25bbe59a036524668e04cc1226345fef6fdbe62cded12497638640070eda276820b40f5a8bf138536914a6016612779247e94399f16d9b5a3659237e968ffcccfd2642d9c5086da975b48fb65529beeda0a00ef47cb37162c5381bb0160922551a06493c1d9584fdbd0314a6aa541efc3f5f87554f4cdb5b5439546156194e64b2ca1af8ca2fb6ee977db1d5dd89cc8877117cb3bd447b1638b47e12e1aca54b0a366a356ce54b5e688d51e22fc21d76099a9b1f39b966c8190a400947382816de5f58673f6698038a6d31b96e84b749fde17a0e4c498d5b421232e662665e33c09b814b5a218ead3f1ebad007cd7639f60176e28b535e02d3718806096372d02a641db9ef85afa3fbf3c53637efb49f08a027f4681f9a121f090ea61bf7a446bd56b55d90b0133d63e244fa9bbc7f49c0014c368c33d3f422ce00a4a578a6630a02a8ff16abbcaaaac35ff222b3765dc0a978c83bd46768d4c2f65ea03ddb8f232f402f39b2b94053d68b4eb193b636ed53fff0a7edb937dd6d373707b63e8dad5b8cecfa4ad785f5f1e6d45ae5aaad9eec5bafae73018e04c735888490f02c1125047f3a1ee81e19f152bd91d47181a6b5a6b7c6a4c9d01acfd4c2f607dbde6a576a65bb379df8cc9b87e473ad966ad6c49f403005647ae1894605d30850a10958677e65b8d939eca0c38f2109124432808d1c3352680eb5bb59a3909b9094390bff6691c43419fa0c396c730c53509103c636d9db13f92c08b81e2e33b128175a3af4ede4a9fda1f1c9386b3cf8b7cd27e421cecf172efc791dadd53af6e8f082b56b756b26453bd9aed85ffc2fffd60e7dc5975b91c847dd0fdbb3943ffdde2384072a57f4b2d412a2358a324fbef855afb4276789ada6256b33eb4c54b691da537c84305a7156cf8402ba5cbbb1135d5b648434b0b6197b4f8721d350cde4c7f015331cf5b10045f839929092c5103eaf81199785818bf93ccc5a6addd366b464d6177e833dd151ec4b692e8f78a9ec9e93a7252d762a41f7cc6c95015efc2a001a8f8680ce496f105416341fe93be179dc2c43ce59f2cc62df46f8c5ac5f927548f6e7e9b46081b99fd66d346dd21fd9f9fe965df1e21becc88b5e20ff4c272e3a397b94f62c708a3b612fbd7735aabc47b7a3bffe55363a71c456d4aa75e752436ac9b70b122e09139d7744c8a6020e82b348176f07ca009209b1b7eef4d588e9b741786326dc1058520107c6411fcaf947f8f9843a9f53a7d39309cfbd0f44cca8513a04f97a0000629baf08f868524c222d7571dd6722e0e067a4561448c87a66591688f8be0c3c99e8fef9324d13155180d2fdb91fd7ced27e882ccb1f9306421bf13cc124d413b9c0bb232fb078c450a0679f038bed050efb9d745daeedabf93e36e1ed64e093a614c653db50b96ff8c6afd10b69fab5f5887b9ef62c702a1246b59bc281043a7f0aa640b2ab8fd895affd5a17d0b26c74847da8fd846dc901b3444e75fee202582eb77c1a691f01023440a605320125355f62eb4ef944da8d949ba10e6fa8c56f4535ff6a40abca170108fb4ab338abf557cb4f87a427734ad3f8926d7148996158004047e3a06dd0985580a7e2311688e11333f91cf8521c1fb4144ca725000c5a2e987184ab7586fb3d3a23f37bd042dc536cf84c3ace81e020d2a32f70d046f4035d527838463c4846960c46aa19e1e585cfb3abbfe615d6d3fb52e92e73e2dea2bdfb081236ded08cd08ec8b1207f06c3fd39dffe8d56baf2905a6039e623bd3a09120aca4d200922e367be10684232252d346617fe80e76469e9fd35f80ce254c061120d9f7946e731c273a2f3f89406fe947f294002e97e927e6382119f8f9a9617ce05d17d839c334759fa40acb354ea99fb47cca95eceb9a467cac6dd682913ada232f9312a3fe37c000b7e0f65e7da68143a2a0965d30704600826b084092a009c690e1ecae63511cae9acfad12ed8eb41ec6fc10fd47efd1e3412201d8dc7765e57ffa2bff2cd6627aeb2611aab8ca2bce1dacbb47781a3d61f912af19249738913bd94c87abce017bfc85a7fe1462b76ea561b4eadaae6d585456f185fc1bf48b64097024ff8d2728888f92712d116921e7c868a4083d9446e1acefc481a80f903985bad1845728e9bd654ab4f4fbc274b4adce81b21936014095c42229c4db641e7a69639b36f4e83005ac5baadcaa0fb8a2b0241a47bc8d89459c7d00a693709bd7f9d4dcba6cada40b3605e42da8f3986ffe3731a088cde91a9bdec77934d5506a38d1cc4ba3e40bb14730c4cd154cc1dd0040a9aa9258dcb1c6ec5ebaeb4ebbfed1b6c28b7f250b9edc307a68e9ebd4daa8abd4ab4c37a99fa47c4a9a266ce1b323e91512bd8f1effe7a6b5e75d45624954da982583e03a92f7aa73eb4180220012c81c236fd2e0138984e0e1ecc1d319acbe713d3b14c8b940a44cc0a33c6ac12d5aa0dffa64d035f455a810e5982134c501e0b3423091173af65739fcd3cbb80f5c04cd8b19397a667835dfb5186bc4c5c3b30fe917f75cd39f2afada5801ad2b968009f3f5ac076cd28a9675aab60a64d41a69e91d81c5a070ee16a6aea524c3d029e45e23ebe1497692caa45fbcaeffdcb36bdee0addab6a65b55725356204d5f63aed5de0482046c9d0c631e3374412ac54ad3faf3451ab665ffe226b1e59f3f477fa1f7c7833a68f8481890b2f0798406ea22d30da86a583876db5e06e0ea1f9040e4654bab04a88011d661a91b2a9c044e48b50329a850ec94cc3c8cf10785cc348d4d08630da060ee6910f838075cf1dd3518cff127c22d83f76bbc0f401a151d020680a348e6723a80e5c7be4dac6a3877a5e177a1d1b4cc540ac2ff2e528d41ea041e3a4c3b16bd81bffe677d9199f4b543b418ccafd747dbf3769ef0247255f8d1ad6adb6a41eb421ee4860dafa29aa6bbb78dc0efdf0dfb6d36b1d3b610d5bd34bdc1a9db72b8fae482be1e82732a1622b4e647727191792b1cd267ae1e918df5f32c41c062d2b49832402e040da8509c7934a64c3a610c06d63014892586837648ee08c47f6bce615b6adeb6d92252d1f6420819f4a03150b0d2b0d75de7aa6a1001c200c9f4d07d0688f76a59a8148428e96f02fcf893ddccc1be33ef586735565abc99f2acb2c445330a7415fe2bb1115edbcc07956e76fabf5a7fc52617a466991817c223d07800b83ec30cf48e2241b8160caacd9b6b4deb4b1ca32d2b5e109019956db8add15bb72d6b187a5421ebc3ab27e4355314aac2e6ddf93ef95c8167b386ad977fcc79fb16455efa8d492bed1c3f1397069db56a698f734f11af627a9093cfeb217d9eaab5e66e74603bb22ad5bb7d1b1db4f3f620d6658c90586d6db0fa7e5157ba856028df64050d9a6a525af8b63bda5d6ef5952a5b6654e314b3f1a476db28ea1637d64434c3781274ce6e15f1690f0fb106b5afa4245cb72c673014b9cb2ccf795d428142b7535d0555d5ffbc41e222000a27df849987cf040bb7a425dbf38958f97da36513eddc7ef8546e4b95016681301c4cd37ede719f1cfdccc1493d940889de70b1db1de5fc43eea434bb6d9ff4861605775d6ac7d6e64b391348a0072667b5b8b8e4d367af69c577ea9b5afbe42759cf527edb8352ac7cc6deabd4dfb17383cd9e1b6bde4ef7e979d92065a8b2b564b64de5565c6305b0c4010879413cc0b7af4018b9b75b9d06463f271ccb3e3a12c15063f45eb51c57318103c84a322206df7b7edfc60d3e74aeb4fc7d64bf98ac0c0b6c403f2d424e044b160fc0c42c39e16a3f510e12ad56ace16459e17e7a935f26d428a0d6071f08887656909714fd7dd1268d6e7b17fce91689f0348e503ac6a015cb3001c1a89001072e8464399bd7a86001c40c46f800580b1df997a113f56195b4bda717523719375c20c4351d592ada1ea33b2977cc75fb4e2734fa846c8acd02dd178b42afa9f7b5f7b9af418fb93b6f943d8f8cb5f6a47bfeb35f6446fcb3a7aa7c7d68e788a7cd036c16e0fda26cb719bbb76700d2161c15760e8b59b34004c8285a0c798367280fddb30122e1c75b20506a3be6d0d07fe090e77c8c5ac876df73354f5a92e96c8fc8bd39933ae19fbf8cdbba068abe52b9564e6c1267389df39d6cbcc1f077de6c403729f205165f6e9aab4ce3eb40e149c771a0b9e8567770d8b36e158317d55a12eb4929d200af5e4c7ebf9194e3edcee595560893a2d1bcb543b14b5edc2fab61df98a1bedd8ab5f2e9bac46cd7976841e46e8c91aa8a7aeba7769df02a7cf1f1fa638b32ffeb1efb5b3270e596d56b1c2d99e4d6556f80b7c0676cd230174df4202e594030d2049dee5c4176c5c96f0cb5463c61d7cac9a0485d9fd53f9504c8c482769e06958ce32530ae1f60e54dd2330fbf86d381eb9a98710735f226a10bf715c452823e8c1f4bf75b5e630ebec8ba40e4352aa8f21ca81b0b82f44e760ae1d820e1e84d073396bdd33c02bd908528e0d0dce8a403de6398fb47cdcce7c30b1ad53e76cf505d7d94b7ef03bad74e551f9698897008a5dabff013facee75dab7c091e92f92b095e434df70adbdf4277ec0b6ab159b9cd9b04aab2e738cdc2eb59e08958ea4d5464069c1bd1597bc62b261b204c7dc8589965a2ca525934aa6928e632468474ef44ab1220136ab0a4c75ad97d5c487cf5d102e0fdbf3b1cca1c9d8d26464937868c978e0cc3afbe1585a2bd6be719ced4f53ed1718cd271949bd3f84712e6443346424c2cc09402633a93cf437799f13b803e5028ba70b4da455e88302147a0ec0c0e4ec9e8ea36d1edc3324f46ce11840038002c0f88d107fa553b349a3e25fafe6b384a754ee2ffb81efb613dffe1a9993aa778917f322cc6989320c693beb7bdaebb46f8173843f15a4b862fd7862cff9febf6c9daffb52eb76d7acb43d727303a625f6565db4284c348bc164735b5fc0f1f79f1f33a7f5d63683cc10a4953ad1a3aa0b724beb6d095b532651a4eb57757d3a281b3ab72201668e673ea79ee22fc4f22b7658ceb99653dd73264d3491d619c9e1ee6d6dda607bcb52f922f24ef448f273745d887b07e146f80181afeb4852793ce54687f26d1e4fe1a1b3588c16e51ae17960c8cd5095cd35535e2f10f781d8e7da0bf354a6d72c96f6dbd6f5e4eb5df7d75f6bcffd9ed75a223fccfd3db10e717f90afcf9159c15508aeed75dab7c09177ee1f7b655e82956adbe25ad16efcbe6fb7952b8e5a7173f034e04008061c0489a50fa196a0634e71ac1f2730f01b2d29d517ce6f48e3d09752d6765d825d97edef1da7b4fa62d6c37696242a336c16fb92f0373c9bc2028d9830c154dbf1b867c3c1a60dfb72fb93a194e154d726a890f5fb78f2251da5f2390aba6f58fac780f53c681d7c3dcc33b226d03c00280067111c681ad2948810122a0fbfefb0b6d9478332ad146c7b34b4f2f6d85ad2be43a9b6affbc73f60e3232b3a76eaa041bbe0d0307e882fcb61f0bac0ed03e0ecd9f1385f889eec6ddaf17a5b2f4e6db45e329d6ed1406fec7db7dadb7ee4a7ac5e3b6f83cacc9ae58a1d9a15ed8234ca696daf58d3ae1fd6ecd1684b8d33fe06e93715ab361ade92331d130996fdded006cda2675aaf142a76655ab655724964a6911d3091e31c800851cd8b600576a1ea5d28f3b710f625f848923a3edf08487cb8728804ea9ac79ac73c0a462643d727642c4b5b659a8cfb26e579160ad77622e0bbc0eb123b3e8cdf054c65f7f37b21e5f976f368dbce6f6eab9eda76a8d6b5e18575dbdedeb0b425c036e5db0d523b546ad9f6666ca32b8ed837ffab7f62d77cdbd7dbba804e4678a673f62fed5b8db32a61927ac0f6701f864eeb299d965ffe7c7bf93ffa5b56ea2576ac507727ffa1f9d0e602c08979dd2aa3c41e6ee047a872c4a4d4e01330d91f9314fa170a0428e20e90671e4b0c39de498247cbee796d9840f932b0671d88210438d0c2aa139b38f3680b98ec68cfccceb506e6a33bfef93a9a02df0c60b8a600245c54fb1cbcd2948b8e3f44915977e51948dbecef3d7cd25a4c3a304eecc2e686951b356b1e5a31e61f18aa0eaeef1eb7735bdb76e150cdbee3a77fdcaef98b5f23b336b6b546db4dc3fd4efb16386540830420745a601d6cb2bca663d7fec3bf6ac75ffd95960ea46106f24f0e1db63372c41309c9e19535eb97656a20e8983b3a670e5086b125a3ac9310e0f8d0040999cf3d268dc53006c083609771dc65e7bb7986bd9f9b6930fb7d5e67847781296a86966c3b0017c63f0138e1a35125f17888b99945edc6a381e43b9b3a96c7a6d706ed01781c30682a3d0f4bb69d750f0003739c1f9befc3fceb4ce447f5f1bb643a166759385d1aae588aacd35cb5f5c7cfd964ad6daffa473f68c7beeb2fc814d67356e5f653d1b446fb9cf62d703c808c7023387a8f4472e4f6da40cb64b56ecffde91fb1d28d2fb0a2c073ecfc4cc25fb00b55f933d1dc8e4f24e032e1aa9868c58a277516d48a4fd5aa7bbf88846b22730c0d8251c23cd0f8373aca659f28967fc65dec636ff2f5c56d8fdcf9c1fa9373b69db18f0a15fb3525d03edf995af200203a21e7685395c9237f6237b5742cfd36f815985f0e42340d261e75210ec30c76eea963dc57d27ae0e69143fe61e254269f902ed0a8e674ef4ea56de3f5b19d2a4cecabfed677db97fdd05fb72ddd874e60c153e69c9a27f959fb9df62d7018a24b6040522a14cdaca1f7bf2a898f48421317bee2a5f6dc9ffc3b3678f1093b7de631bb6e5cb58e1cfac7cf9db606a6860489e85aad9a7d47b39c6b0940c3cc3238e02453f2c58195828e21b544fb5c482980ce0f5909172f617c966762071aa61d0c80745dc6d6787859cc389c82fb4c44c8301fa51966a9caa77dd21074849258ea00d26d01c64ef97340e96f763fed032ce138f84c593578b46343f97d1bc32dabd7ebd66a756c2453b6df4feca57fef7bedc61ffe3e9dcfa8d5c8ba6a4066e3d4a26ec735fb7e2755d5fe24a67745fea792b2b9040813a2321310e63295841d5ef7ca6b5e6dc77eeafb2d7af117b933df3cddb7ba7e395b1c7962254e39fd1784784b6ab17df4a46a8c44c87254f1390d0e15759d52cdea0257a15ac9a25a12728411014550b94e10585f8a83805e8a3997a9958a51d9ef0f2043a40fc647aa4a23f2f27c5a268100f2600061735d8328164101cfb7d3317e6f1820898349066098a993f51d3069f56c3ab642ab6931011269b3a81ed9c9cd753ba746e355dff73df6ca9ff801b3b58ec0ac3aa5a2490c57b964cb7959f63bed5be0c8ea925933f55e7d669f74b30df942406a32c1068848c95ef01dafb597ffccff618597bfc84dbac395aa6dcec61e6a053c983fc1bc010023ed19cda7ae8518f7d21570ba747ccaac43d0e7cc6926f08461020c532609140efb3c89272f4b58060edbcc3293b1b418e091c6630adbc08d7a554b1dab6b6119e1db30ef008c4aca0206d246d24aae75720eb978dc67e7de3960c236c0a9566a960c863e8b4f575a778bb9b00f37ed86ef7eadbdf427ffbe4d57576d2440d192cce2b96d0e47325f8b96ca0f5ae162fb9cf62d70e86d636e2f89bd04b5280099043ef1244b3e624bd8b8b9197baaccea6b5f692ffe67df6fb5179db0edb317ac299b85f9cf18808690234830eba4c48ce494e3e8e3d7d4753e269b9b72d24a218992699d00dac51cf6072d11968176f64bcb70bd9d44d49c83d6410b62ba7174d046000460b01e42df01301e0e0f4ba26e01a43985759e933230add674bd6fc79a1d1f1c777e6bd36e7ccdd7d96bfee93fb0c1d1b69ea120f3ad65c9f6503e90cad1a9ab51316b915377815917f637eddb7e9c2f48d248080b616afab41b0283dd7ebf7dee977ed73ef1fa37d8f36cd58635b3f5ba8022af3c2a336b4cc3863a6ce5d89576b85eb6cad6c8d6a665699e8a6d4f06d6973895eb594ed7a44fcfd1d381b1b8ce945554bda7fcab048490117cc2d96c5738965743185accfa62789aee77ca8f958409e9ebf4e46b9bf5d6b4ea6665985bdafb6bc41eb8d06a752bb562ab6e49a364dbde673475d3b3964cad304cac70dd9ad587337be281c7adbfd6b22ffdf1bf6337fed05fb349bbeb0dc8cabe489c79f674a08143739d4a0893129a478e772243fd3377d9e98f7dd6def1b3bfec26503a1959b3d3b1b94ca3f384a2d5cad6d70ed9715da0a016b9332d5937aa199f4fa7b597cef1f0f154261f7439e06419d259d507f040611f936e4097028d03ae20e71db0e898009c1d9f45fbda1569039527cc3d0d30996cc473d874d0b01959bb50b1662a308db221087175aefd651b570ad6e9cf6d7d34b0f99115fb8aeffd2e7be9dffbdb668dc80689b4adae82c63bc8746081e32928c8b17898ca73916944fa3bb965d68bed9137bfddeebfe9a376f7bb3fe8e1e8ca5587ed42b560517bc566c9ccae9aa496ac6ffb373cdbed96cca52ce2852046a3d436305f2e031ad6f9847bbee10b77ce6111bf137ae6d504c0f86bca97d8d7e37936723f00c729f74f008f09d06c07a7df67ead1c3a27188ca9d4a7bc241e4a6554d0e3e7973b1fc131f7b548becd4859e3de71bbfda5ef0d7bfd99efbcd5f6b53f97232082ddd8aa555658e1d6cdc1c5ce0e0bdf8bb97a491503990341619fba25d00a5341f987dee417bf8ad7f6cef7ff77bec91d1a6ad5c75dcae6dafd9f8c133b6226799592a6bf26d9a9d964ca299f7b1b475bd86307181fe0f5100cc227020225ebe4f828d4fe23e8cb6d987b0331908af6611308b1ccf0853e4940386f36908a05931cb0f87fc1c3514948f6b019c6143f7d17e344724f090f8990cc61e2069d51a76e2af7e9b5df5daafb6e82b5f64635dab262dc3900559a35490eec9950f2e1d58e06c0b3a4dccb32c36ec824b4bed7227e1d82ac7d6c54990c9f2ce9ffbcf76f3bd77d88bafb9d6ae389bd8c37ff8277644ea858ec8d566db6a6b6df937894f86d1d045e84cc56f08b4089ab04e0e590009c0c942b91970e0e2ace8e69b0bfd02877db17f6436279d07b9760954918326b0d049caf14c7d4b1001ff8b80c3b6ccb0ca44be948a49c7ee50dab47cc33576dd6b5f6d2ff8daafb0fa0b6f14828ab65598d94cd7599daa9999165d9131fab493dfe6a0d281050e438c6b12c36a161d90b79c3bbb34e3d2185bf599844a4090f7f3e177bfd76eb9f9b3d6528b7c435ab3d1ad9fb70bf7dfe326d9d15acb56ba5d4b645bd17b5e894a9e86d31b90a37069d04008b42fc33e09fd8ee0fbbea78083dfc332f4c740f34966aa41e1ba8bd71fc99ce42b703ede86889f1a068fec1179d395af1bd6edd4d605db10600ebfe2a5f6a2bff24d76f5377d95d989a3d6d3bd23d7bd3a4d5ca6a327d67de5338df181b46fc57f3db874608183c5c1b890824c14ef69af647d350c0e2b49e85239cf713fb6b437b65b3efa49bbe91defb4f3279fb09ff8d1bf6bd79db8ca3efdfbafb3de3d8f5af191f3d6148048a52f451535f4187a32c5a699c6b91c70f03542d50390c54001342967a656000bc7842002e79589028a30adc2751946b043520dfc465918ac473f12f3b5d1793bd161d776aeb26bbefa4bedc4b7beda4a5ff5c596769bd299d2483a032b73b3105b4b9a3842eba287053c320b80fb48daaa5b6f7297034b0716388e9c9cf844083d0f324adcef6968e99d3d32691ef8dc7df6b1777dc06ef9c8c7ac73ac6bfffa0f7e51e6cbc4ba72a4b7def3617bec6d1fb2d11d0fda74abe7c30ea2281b64369a655f53802e051ebe3a40d5030696de3999f7b3c093a89aedcf41b3b8647f3dd75801382ede5ab20d756b5d9f84633c1cf9756beda675af3c66874e5c69ad432b56f9b1efb6f6d12356ee74b2c94264b246a52add5b8e8e7125b5da58e067e2fa8ab48cd7d1240313136547dcf1e0d281050e4245fe55e8285c0cafb25d1a95ecec34b5cffccf0fd885f77dd8defcbbffc3feefb7feb6ddf0cd7f41edaffc18265e06045bdbb67ecb9df6f0073e6aeb9fb8d52a4f5cb04eac96bd2dcd439e992491881bc24baf7e3687416287058c0082a049001cfba0c930f6549b62856b088cba55d6eb9f95b7567e7a3fcae26b647de57c6a934ecb0ad75f659d2f7ba95df1d55f662b2ff922b3e3c7b288d8c1ee86f933d381050e42ead12c910345420e511d707158b4db1f7ad0eefbe8c7ed43bffedbb6766ccd7eecd7febd359e73c2658e6c041d69cce15c9699c690647be4b4f5efbacfd61f7eccb67fef03c6479ac663e6148855d133e3035868a58a80b01d67a99032a87ce9da22d7462c096d67f32164293a1ec320f2861fc475b6b33910300c7dac4f51be554120d3331176aeffc8b7d8a1e75e6bd597bc487ecb15cccbeb4a961e7f001d65b75ad2b3a4836baa5d445403608200d1f6d6cc3e71d307eca10f7fdcdef19bbf69fff4e7fe8d7deddffb5e095ed16ab2fb99071a2f663819f9c7ad223a0525e4cc5839976619a4139b6ef46c223025f73e61e9dd8fdaecfe93367be2bcb4d4c81ed93a25f92f64637e720eeb083ec1039f2c6496ea9e73ff2c60d46e58bdd9b44820489e7f8d959a358b0eaf58f5aac356bbfa8855c595c35d2bb5ea56ed1c710707a06034023e081f860ecca5c2f9b3d1123839510d681e9fa843f4c413ebf68937bcd53efda6774ace37ed5fbdf1d7ad75c3f3247432d3624964ae1db28093cc2289282659ad880e985981d093f7cd4860a5cc9234b65e3cf0303083ce9e7fdfb6cde8448d639965238b07234b489494764a53e9866996235794b9566936ac2dbf64f5f8512b1f396cd66e991d5dcbb40fc5d0f509a5132e001e783ff4bbf062b7875974af21b0915b6713017b3cb2827c9e253d7b3ad0a61a7d29d53c0c4d35045389416177dc72977df277de6a1ff8fd3fb0efffc91fb36ff9c91fb1447e05d3309542170d8767a764cb50935aa679ff63f8591012095079cbbf3d8d338d23890f69303b17e43a9425df4ca7d93c6c299e3b60d4d59ab3acdc1e1cf03511e7853240f9f93b07f86fba3f4bc6292de959d381ad3d5af5609a418bedc7f9f3e7edd1cfdd6e8fdc7597d50f75ecabbee39b2468917fef15df43926eb11cec44e020da34561bef113104941a95066015afa9889c265363905781cf8bf0a98269d13aa5a6b50a0d6981ba4cb49a4e10106668049d44e0819b10d1d2beb28ea9575ad62e36adad52b46568397c74139f56018d26c67ce43b34b0931f9469a07e3ab6de3cf621df9479497f36a26a0f24b9039e070420cc348868db134f3c21e0dc614f3cfc907de7dffa1e3bf4c26bf58b9c7b0e11f7556ba3f9407b320d5244134818c7927a0474206d124fe616eb58fa4c187a3caf956d1a892b59ef7b4f17eacb8c8307c5b9f111836154b461bde2099843401058bff9313a76a8fb0d74ee4088e45b3a7466321a346266cff1cc1a43714fd79e0d6c3895e95790d9a7636b5164558fc4f1f5ea8558fc929e151d58532d3c7630cf18f845487a7373d33ef2918fd8277ee1b7edf6cf7cdafef0968f5a72fd3181606cdd71d5a6e3c436a5850e85244d28bf86c9b1cfb055b408732edfed4b6fa274cf79369146711ed482281cc7ef3be7e42b797e99ffc03e566101830e5b863e333160aadfb82f3a14eee82fb7f41e1e9c25d28a382f2b88037d49cf9ef25a3c783494a0a57c1f14277e848055d47a9b9dfcfc197bf4439fb77befb8dbbefd877fd08ad79eb0426cd62d75cd9a359b1f6a5b451a455efb535c9014c2aa4e3288bd47883f6003ce7e124b8019c959d24ef60546f139eb778e711b4cdb30fba4a5b20f806a9beb71ed5ad30a514397ab5b24538fd42095ccbae2553143c30b1e3bd3090405f08df06bc23d97f467a2030b1c64b2529304a279245b2509a6ac2c5b3f75ca1ebbf73e995425fb8aaf7d951f88561a0d86def2e3c8d74b0e8d251d603ab8c099c8961228e6f2f6dd07d7faa9871fb6c7efbad71ebff32ebbee652fb61bbfee6b5c13904dec1595e2e9d36003bb251d643ab0c0a9d35f23f99fca21df4e52b7941eb9f31e7be0b6cfd96cd8b36ffaeeef946956b5de7828d745864fbda1e3555dd3b987809774b0e9c00207177a301aba335f8fca3ec9ded9871eb5bb6fbfd5aebeee987dcd6b5fe3daa6c0cc35d909da40d32cb5cd920e3070a6cc1f9087a023596027efbccf2e3cf6845dd83a675ff2f55f6eeda3877d1c7e25f833f4f9e00fa9c6bcbf6649079a0e2c70e6b2b7aa3512534403b3d3773e640fde76a71dbdfaa87de5b77f03472c247e0a3400875418d558481c58d2c1a5030b1c26082f972b9e0970faf38f5aefec79bbffaebbed79375c6fd77fe58d9e64c9f00172ccbcaf473e110022b53fd3534b3ac87460812323ccca53699189d9b9730fdba71ef99c3d561edbb7fc8dbfa31fd77c4240f44dbb2c80e1d7a8a60a0dad338b667689251d603ab0c071a2537012fb5897e73cff79f6833ffcc3f6b2577c996a65e9c42ce999e9c0a6dc5c186cdb5ab3e359ff368cadbfbe61ad95ae59a36eb334b1229da34b5ad265e8c002672b19592baa67d9ce815dd1cc3d6a1672d896b4a44bd18135d59a028d93f0c1f76518a4cc72148f414df6db929674193ab8d9d1e2000faa2068984cf9ccd5a22cc1b3a4cbd381d5389e36c3a7c9c7b10d06031fd4063b5c3c8d7f494bba3c1ddca81a41016022b0b45a2d9ff1c6952f9859026749cf4866ff0fe2b6fd9163f454760000000049454e44ae426082);
INSERT INTO `users` (`id`, `username`, `email`, `phone`, `password`, `usertype`, `shift`, `verified`, `verify_token`, `reset_token`, `profile_picture`) VALUES
(68, 'izudin', 'muhammadizzuddinfarhan2005@gmail.com', '111', '$2y$10$pFjTQrikqx324CGZ25Z51eTPjO11LeHGGUGj2RRmSHj9kdiGnOpYa', 'user', NULL, 1, NULL, NULL, NULL);

--
-- Indexes for dumped tables
--

--
-- Indexes for table `feedback`
--
ALTER TABLE `feedback`
  ADD PRIMARY KEY (`id`);

--
-- Indexes for table `orders`
--
ALTER TABLE `orders`
  ADD PRIMARY KEY (`id`);

--
-- Indexes for table `phpmailer`
--
ALTER TABLE `phpmailer`
  ADD PRIMARY KEY (`id`);

--
-- Indexes for table `products`
--
ALTER TABLE `products`
  ADD PRIMARY KEY (`id`);

--
-- Indexes for table `sales`
--
ALTER TABLE `sales`
  ADD PRIMARY KEY (`id`),
  ADD KEY `product_id` (`product_id`);

--
-- Indexes for table `users`
--
ALTER TABLE `users`
  ADD PRIMARY KEY (`id`),
  ADD UNIQUE KEY `username` (`username`);

--
-- AUTO_INCREMENT for dumped tables
--

--
-- AUTO_INCREMENT for table `feedback`
--
ALTER TABLE `feedback`
  MODIFY `id` int(11) NOT NULL AUTO_INCREMENT, AUTO_INCREMENT=25;

--
-- AUTO_INCREMENT for table `orders`
--
ALTER TABLE `orders`
  MODIFY `id` int(11) NOT NULL AUTO_INCREMENT, AUTO_INCREMENT=29;

--
-- AUTO_INCREMENT for table `phpmailer`
--
ALTER TABLE `phpmailer`
  MODIFY `id` int(11) NOT NULL AUTO_INCREMENT, AUTO_INCREMENT=2;

--
-- AUTO_INCREMENT for table `products`
--
ALTER TABLE `products`
  MODIFY `id` int(11) NOT NULL AUTO_INCREMENT, AUTO_INCREMENT=29;

--
-- AUTO_INCREMENT for table `sales`
--
ALTER TABLE `sales`
  MODIFY `id` int(11) NOT NULL AUTO_INCREMENT, AUTO_INCREMENT=19;

--
-- AUTO_INCREMENT for table `users`
--
ALTER TABLE `users`
  MODIFY `id` int(11) NOT NULL AUTO_INCREMENT, AUTO_INCREMENT=69;
COMMIT;

/*!40101 SET CHARACTER_SET_CLIENT=@OLD_CHARACTER_SET_CLIENT */;
/*!40101 SET CHARACTER_SET_RESULTS=@OLD_CHARACTER_SET_RESULTS */;
/*!40101 SET COLLATION_CONNECTION=@OLD_COLLATION_CONNECTION */;
